-- phpMyAdmin SQL Dump
-- version 3.4.9
-- http://www.phpmyadmin.net
--
-- Host: localhost
-- Generation Time: May 26, 2012 at 10:28 AM
-- Server version: 5.5.23
-- PHP Version: 5.3.3

SET SQL_MODE="NO_AUTO_VALUE_ON_ZERO";
SET time_zone = "+00:00";

--
-- Database: `minecraft_srvr`
--

-- --------------------------------------------------------

--
-- Table structure for table `contest_contests`
--

DROP TABLE IF EXISTS `contest_contests`;
CREATE TABLE IF NOT EXISTS `contest_contests` (
  `id` int(11) NOT NULL AUTO_INCREMENT,
  `title` varchar(50) DEFAULT NULL,
  `description` text,
  `max_entries` int(11) NOT NULL,
  `voting_categories` varchar(1000) DEFAULT NULL,
  `status` enum('active','closed','voting') DEFAULT NULL,
  PRIMARY KEY (`id`)
) ENGINE=MyISAM  DEFAULT CHARSET=latin1 AUTO_INCREMENT=12 ;

--
-- Dumping data for table `contest_contests`
--

INSERT INTO `contest_contests` (`id`, `title`, `description`, `max_entries`, `voting_categories`, `status`) VALUES
(3, 'Tree House', 'Build at least 3, max 6 man-made trees that are of similar type & height. One of them has to have a house on/in it. The house can have connections to the other trees via ladders, gangways, balconies etc but does not have to. The trees should be at least 20 blocks high and max 50 blocks high (with house). They can be as tall and thick as you think looks good and out of any log color. The reason for 3 trees is that I do not want to have simply 10 trees with houses in them. There should be rather 30 trees of which 10 have houses.The base can be as big as you think it should be for 3 trees. There should be an access to the house of course, be it a ladder, a staircase or a hole in the tree.', 1, 'Looks|Realism|Fun|Usability|Innovation', 'closed'),
(4, 'Town Houses', 'Build a row of town houses with narrow fronts, 2-3 floors high. The surface must be 20x10 blocks, with the narrow end facing east/west and the long side facing north/south.<br>\nContent:<br>\nThere should be 3-4 houses in that block with the doors facing one 20-block side and back yards/small gardens facing the other 20-long side. So if you make 4 houses, each of them is 5x10. They do not have to be all the same!<br>\nThink of a middle & lower-class neighborhood in a big city. For inspiration, go to google images search and enter "townhouses england"\n<br>\nThis contest is only for survival maps!<br>\nDeadline is the 31st of January!\n', 1, 'Looks|Realism|Fun|Usability|Innovation', 'closed'),
(6, 'Balloon Race!', 'We are having a balloon race! \n\nSearch google images for \\"hot air balloon race\\" to get some ideas. The balloons have to be smaller or equal than 30x30x30 blocks large and at least 10x10x10 blocks, have a type of basket or gondola below for someone to travel in. You can submit several balloons of any shape that is allowed by building rules. The more creative shapes win! It has to be somehow credible that this could fly however.\n\nI need 2 blocks to find the corners around the build for copying. Please see the pink wool structure in the flatlands on lot FLAT_K10 and signs there for instructions how this works. This is a survival build, no flatland builds will be accepted. Submission deadline is 29th of February. ', 10, 'Looks|Realism|Fun|Usability|Innovation', 'closed'),
(7, 'Underwater City', '<ul>\n	<li><strong>Size:</strong> Anything goes. Make buildings inany shape and size.</li>\n	<li><strong>Function:</strong> Anything goes. Can be a living quarter, a shop, a warehouse, a submarine base, a research base, a farm, a casino - whatever a city under water needs.</li>\n	<li><strong>Design:</strong> It has to be submerged in water and placed into a SOLID box that I can copy & paste. There should be no air between the building and the box. If you have a water lot please do NOT build below sea level. Make a box, fill it with water, build it in there. <strong>Check the flatlands K10 lot for an example.\n</strong></li>\n	<li><strong>Others:</strong> Make at 2-3 doorways, 1 block wide, 2 blocks high (1 std door size) to be connect to other places. You can make a entrance from above the water if you want which I will not connect to other places of course.</li>\n	<li><strong>Deadline:</strong> 30th of April. No Flatland builds allowed.</li>\n</ul>', 5, 'Looks|Realism|Fun|Usability|Innovation', 'closed'),
(9, 'Adventure', 'This is a new type of contest, that does not involve building. It is about writing a story with the new story admin! Write a story that leads through your lot or the city. Any world is allowed, also the flatlands. Only the nether and the kingdom are out of bounds.\n\nThe story can be any length or topic, the coordinates should point at the first sign. \nIf it is in the city, please ask a Master, or Elder to add the signs for you once you finished the story.\nThe signs must have the name of the story in the first line, which should be the same as here in the contest entry. Submission deadline is the 15th of May.', 1, 'Looks|Realism|Fun|Usability|Innovation', 'voting'),
(10, 'Egyptian Town', 'Let\\''s build an Egyptian town! So build a small area of an Egyptian desert town. All those will then be assembled together to form a large town around the pyramid and other statues. Your area can have small farms, shops, residential houses but all at a maximum 3 floors. In such houses, people often operate a shop on the ground floor and live upstairs. Of course there are some richer and poorer areas, but they are normally not right next to each other. Maybe there are some small temples too? They should however not have any underground structures. But we also need schools and other official buildings.<br>\r\n<br>\r\nTips for inspirations: The main materials are of course sandstone and wood. Richer families might use gold and lapis. Stone is very hard to come by. Green grass and redstone basically do not exist except for the richest of the rich. Go and search for \\&quot;desert village\\&quot; in Google images for more ideas. It will be important to get creative on the wall designs and building shape so not everything looks the same.<br>\r\n<br>\r\nRules: Only survival builds. Maximum Area = 30x30 blocks, 20 high. No underground structures. Deadline 17th of June. You can submit up to 3 entries. ', 3, 'Looks|Realism|Fun|Usability|Innovation', 'active'),
(11, 'Creative: Roller Coaster', 'This is the first creative mode contest: Roller coaster! Build a roller coaster made of minecarts - in any size. Creative environment, fun &amp; adventure are the criteria - but do not forget safety! <br><br>\r\nRules: Only creative builds. Any size, Deadline 1st of July.', 1, 'Looks|Realism|Fun|Usability|Innovation', 'active');

-- --------------------------------------------------------

--
-- Table structure for table `contest_entries`
--

DROP TABLE IF EXISTS `contest_entries`;
CREATE TABLE IF NOT EXISTS `contest_entries` (
  `id` int(11) NOT NULL AUTO_INCREMENT,
  `title` varchar(50) DEFAULT NULL,
  `contest` int(11) NOT NULL,
  `user` varchar(20) DEFAULT NULL,
  `description` varchar(1000) DEFAULT NULL,
  `x` int(11) NOT NULL,
  `y` int(11) NOT NULL,
  `z` int(11) NOT NULL,
  `world` varchar(20) NOT NULL,
  `screenshots` varchar(1000) DEFAULT NULL,
  `level` varchar(20) NOT NULL,
  PRIMARY KEY (`id`)
) ENGINE=MyISAM  DEFAULT CHARSET=latin1 AUTO_INCREMENT=74 ;

--
-- Dumping data for table `contest_entries`
--

INSERT INTO `contest_entries` (`id`, `title`, `contest`, `user`, `description`, `x`, `y`, `z`, `world`, `screenshots`, `level`) VALUES
(14, 'Ewok Village', 3, 'luklukk', 'A model Ewok community. Discover secret rooms, take in the waterfalls, warm up in the central kitchens, visit the farms, peek over the railing at the glider\\''s perch, relax in one of many bedding areas.. all this and more!', 178, 56, -530, 'Skylands', 'http://i.imgur.com/3UEcy.jpg|', 'Architect'),
(15, 'Treehouse Village', 3, 'azkedar', '* 5 trees, 3 with distinct themes (home, farming, and mining).\n* Ground level details such as landscaping, glow lamps, walkways, a pond, a gazebo, and an interactive hedge maze.\n* Numerous walkways, bridges, and viewing areas.\n* Perimeter minecart system in the canopy for easy transport from tree to tree. [broken due to MM not updated]\n* Mining tree features lavafall and cobblestone generator.\n* Farming tree features numerous plants, including interactive harvestable mushrooms, reeds, and cactus.\n* Hometree features a working piston pool, several interior rooms, and three secret (interactive) hidden areas, including a super-secret penthouse suite.\n\nSince the penthouse suite is so super-secret, I have to share the secret:\nInside the Master suite, there\\''s some bookshelves.  Toss an item on top of them, then step out onto the private patio and look to the left...', -758, 67, -1296, 'world', 'http://i.minus.com/i9wMmFZDgx8Qi.png|http://i.minus.com/ibbvM2V8PxYnbc.png|http://i.minus.com/iX1fBtB1iwZCJ.png|', 'ArchitectDonatorPlus'),
(16, 'Smeervile', 3, 'kddk', '3 trees:\n   - 2 same height.\n   - 1 smaller than others.\n   - 1 with a house inside.\nArchitect level.\n\nBy kddk. \n\nP.S. Don\\''t judge the name xD', -1510, 36, 1467, 'Skylands', 'http://i.imgur.com/hOwCm.jpg|http://i.imgur.com/lllN4.jpg|http://i.imgur.com/IaNrU.jpg|http://i.imgur.com/46TYw.jpg|http://i.imgur.com/gVTTS.png|', 'Architect'),
(17, 'Tall Tree', 3, 'fingermouse', 'This one isn\\''t really eligible for the competition as it\\''s just one tree and it\\''s (slightly) too tall, but it was started before the competition was announced. Maybe it\\''ll fit in somewhere, although it\\''s been surrounded by a few things since building and it would probably need copying in two blocks (and then a little tidying round the base).\n\nAccess to the treehouse is via a spiral staircase running around the trunk all the way to the building at the top. There are two viewing platforms and an observation deck on top. The glass floor of the interior gives a view all the way down the hollow trunk. Maybe worth a look even if it can\\''t win anything...', -26, 70, -151, 'kingdom', 'https://dl.dropbox.com/s/r3bgmrjsp76h01i/2011-12-14_16.14.56.png?dl=1|https://dl.dropbox.com/s/zilm5z1ir4fotq0/2011-12-14_16.15.32.png?dl=1|https://dl.dropbox.com/s/fryhqfi20kppnur/2011-12-14_16.17.37.png?dl=1|https://dl.dropbox.com/s/rgioxmh3pmerhj7/2011-12-14_16.18.43.png?dl=1|https://dl.dropbox.com/s/40m8c4fyhegfdki/2011-12-14_16.19.34.png?dl=1|https://dl.dropbox.com/s/7a8v1guil0p0zey/2011-12-14_16.39.13.png?dl=1|', 'ArchitectDonatorPlus'),
(19, ' 20th Century Street', 4, 'fingermouse', 'A row of town houses in three styles: a traditional early 20th century brick-built terrace, a late 20th century modernist wooden building and a mock-tudor development from the late 1940s/early 1950s. They don\\''t really fit together as such, but then that\\''s pretty much the style of most streets round here in the UK and just one style would have been limiting. I think this small block of houses pretty closely represents the kind of buildings I see every day... Enjoy!\n\nThe screenshots aren\\''t exactly like the final version (although pretty close) as they come from my early mockup. The actual thing is shoehorned into some space on one of my lots so I can\\''t get such good shots.', 258, 73, -301, 'Old World', 'https://dl.dropbox.com/s/1g6l3wypnl503yt/2012-01-18_14.53.18.png?dl=1|https://dl.dropbox.com/s/vy5gftx4p7ydo5d/2012-01-18_14.53.29.png?dl=1|https://dl.dropbox.com/s/paa0zzrfwdy4lew/2012-01-18_14.53.52.png?dl=1|https://dl.dropbox.com/s/ygz4477bcx2sply/2012-01-18_14.54.10.png?dl=1|https://dl.dropbox.com/s/dhbm8a81y1qdl07/2012-01-18_14.55.31.png?dl=1|', 'ArchitectDonatorPlus'),
(20, '100 Block Drewry Lane', 4, 'lvasold', 'Four three-floor finished, stone and stick-built, upscale townhomes for couples. Amenities vary per unit including fireplaces, open area kitchens with upgraded appliances and light fixtures, sky lights, private entrances, front patios, rear gardens.  Large levered bay windows allow lots of light and fresh air.  Ample built-in bookshelves, closets, and nooks for reading in updated floor layouts. \n\nInspection walk-throughs are available by appointment by pre-qualified applicants!', -569, 63, -424, 'Empire', 'http://dl.dropbox.com/u/100972/01.png|http://dl.dropbox.com/u/100972/02.png|http://dl.dropbox.com/u/100972/03.png|http://dl.dropbox.com/u/100972/04.png|http://dl.dropbox.com/u/100972/05.png|http://dl.dropbox.com/u/100972/06.png|', 'ElderDonator'),
(21, '1001 Uncovery Lane', 4, 'Mochatonic', 'A 20th century traditional representation of town houses.  A throwback to to the houses I was raised in when I was younger.  Three houses that remind me of home.  Each with its own unique family sizes and styles, decorated differently for each families own taste.', -1105, 64, -367, 'Empire', '', 'Settler'),
(22, 'Down on Maple Street', 4, 'skilletfk', 'Four quaint, middle class town houses. Each of the units include the basics, such as eat-in kitchens, comfortable living rooms, cozy bedrooms, and plenty of lighting. Some homes include: spaceous backyards, skylights, attics, private balconies, and expanded kitchen or living areas.\n\nAvailability is limited, so please contact one of our local agents today to schedule an appointment!', -991, 64, -422, 'Empire', 'http://dl.dropbox.com/u/52817816/Townhouse%201-26/Townhouse%20-%201.png|http://dl.dropbox.com/u/52817816/Townhouse%201-26/Townhouse%20-%202.png|http://dl.dropbox.com/u/52817816/Townhouse%201-26/Townhouse%20-%203.png|http://dl.dropbox.com/u/52817816/Townhouse%201-26/Townhouse%20-%204.png|http://dl.dropbox.com/u/52817816/Townhouse%201-26/Townhouse%20-%205.png|http://dl.dropbox.com/u/52817816/Townhouse%201-26/Townhouse%20-%206.png|http://dl.dropbox.com/u/52817816/Townhouse%201-26/Townhouse%20-%207u.png|', 'ArchitectDonatorPlus'),
(23, 'Sandy Wood Lane', 4, 'thomas_dauber', '4 little villas all in a row. beach front property semi-furnished and ready to move in. ', -499, 66, 371, 'empire', '', 'Settler'),
(24, '801 Endermen Lane', 4, 'plutoMaster', 'Three rustic Old English style row houses with two small shops below and apartment housing above. Sporting many cozy furnished rooms, large attic space, and a fun parkour style accessible roof.', -338, 66, -621, 'Empire', 'http://dl.dropbox.com/u/23357028/New%20folder%20%282%29/2012-01-29_22.55.07.png|http://dl.dropbox.com/u/23357028/New%20folder%20%282%29/2012-01-29_22.56.17.png|http://dl.dropbox.com/u/23357028/New%20folder%20%282%29/2012-01-29_23.53.31.png|http://dl.dropbox.com/u/23357028/New%20folder%20%282%29/2012-01-29_23.52.16.png|http://dl.dropbox.com/u/23357028/New%20folder%20%282%29/2012-01-29_23.52.29.png|', 'ElderDonatorPlus'),
(25, '17 Neighborly Way', 4, 'azkedar', 'Three townhouses (across the street from luklukk\\''s, my entry is on the right from coords given).  They look the same on the outside, but the people living there couldn\\''t be more different.\n\nFirst house (on the far right) belongs to a bachelor software developer.  First floor kitchen and living room, second floor bedroom and bathroom, third floor workshop and storage.  He\\''s got a leak somewhere in his house...\n\nSecond house (middle) belongs to a retired couple.  First floor kitchen and entertaining, second floor study, third floor Master suite.  They have some musical amusements in their home for entertaining Guests.\n\nThird house (left) belongs to some people who aren\\''t good tenants.  Conditions inside are uncertain, boarded up windows make us think the worst.  Cops come, but they never find anything, for some reason... Not sure how many people live here, but whoever lives in the attic has pet fish.', -829, 65, -383, 'empire', 'http://dl.dropbox.com/u/22476204/townhouse/2012-01-25_16.10.55.png|http://dl.dropbox.com/u/22476204/townhouse/2012-01-30_16.22.20.png|http://dl.dropbox.com/u/22476204/townhouse/2012-01-30_16.37.36.png|http://dl.dropbox.com/u/22476204/townhouse/2012-01-30_16.22.40.png|', 'MasterDonatorPlus'),
(26, '007 Chicken Avenue', 4, 'kddk', 'Three beautiful town houses with bedrooms, living rooms, attics, and all your heart desires! Be careful though, the middle one seems to be invaded by witches.', -1297, 56, -97, 'Skylands', 'http://i.imgur.com/HlcyN.jpg|http://i.imgur.com/aY1yi.jpg|http://i.imgur.com/dDiyg.png|http://i.imgur.com/jFYve.jpg|http://i.imgur.com/zo29L.png|http://i.imgur.com/kiNUm.png|http://i.imgur.com/uJaVV.png|http://i.imgur.com/OEcrK.png|http://i.imgur.com/OlxF8.png|http://i.imgur.com/NbEkD.png|http://i.imgur.com/PUJtl.png|http://i.imgur.com/FPfWZ.png|http://i.imgur.com/O64fg.png|http://i.imgur.com/ZoouW.png|http://i.imgur.com/2WpYB.png|http://i.imgur.com/kuCIC.pnghttp://i.imgur.com/kuCIC.png|http://i.imgur.com/o7L62.png|http://i.imgur.com/AhWzx.png|', 'Architect'),
(27, 'Fancyville Modern Apartments', 4, 'psiber', 'These lovely four apartments are pleasing to the eye, spacious inside and feature many features for the busy crafter.\n\n&gt; Full size kitchens with cooking sections\n&gt; Balconies with rooftop grass sections\n&gt; Dining in every apartment\n&gt; Large skylights and windows draw in the world outside\n&gt; Fantastic views from the third story\n&gt; Modern Architect designed facade\n&gt; Double beds and plenty of storage in all apartments\n&gt; Modern artwork in all houses', -11, 55, 854, 'Skylands', 'http://www.stripedelephants.com/Psiber.png|', 'ArchitectDonatorPlus'),
(28, '14 Neighborly Way', 4, 'luklukk', 'An upscale townhouse row featuring 4 distinct houses of increasing expense. The cheapest available room is Redstone Place, with cramped quarters and minimal furnishing. Lapis Place is a step up, and features a spacious garden/relax area with well furnished living space and loft bedroom above. Next is Gold Place. A modest grassed yard accompanies tall, spacious interiors and ample accommodation. Finally, for our 1% clients, we have Diamond Place. A large dining table, lavish stainless flooring, and rich diamond accents accompany subtle, yet distinct modern furnishings. A cozy fireplace in the bedroom, a rooftop retreat, and outdoor vegetable garden round out this solid offering. ', -819, 66, -386, 'empire', 'http://i.imgur.com/KwWR1.png|http://i.imgur.com/PYags.png|http://i.imgur.com/Hy96o.png|http://i.imgur.com/juBff.png|http://i.imgur.com/BlHsU.png|http://i.imgur.com/RlCCC.png|http://i.imgur.com/yv4MC.png|', 'Master'),
(29, 'MiniMe Warmonger', 6, 'Hiosa', 'This is another one of my great wool creations! MiniMe has approved of creating another version of him! This Mini Warmonger is outfitted with a propellor to soar through the skies! Beware! This can \\&quot;Drop a Bomb\\&quot; on all of its foes! It also has a unique feature that only the great Hiosa can pilot this beast!', -312, 50, 146, 'skylands', 'http://i.imgur.com/XVEGF.png|http://i.imgur.com/aHlol.jpg|http://i.imgur.com/F1YjO.jpg|http://i.imgur.com/u5KNJ.jpg|http://i.imgur.com/lbSbI.png|http://i.imgur.com/ePNKS.png|http://i.imgur.com/dILXJ.png|http://i.imgur.com/WoW9E.png|http://i.imgur.com/uIV37.png|http://i.imgur.com/Okfwq.jpg|http://i.imgur.com/Obx0M.png|http://i.imgur.com/4FIE6.png|', 'ElderDonator'),
(30, 'Michelin Man', 6, 'fingermouse', 'The title says it all - it\\''s a Michelin Man balloon! The gondola below has a single large burner and is balanced by combination fuel/ballast tanks. Plexiglass sides give the riders an unobstructed view over the countryside below. This build took far too many tries to get the right shape but hopefully the result is worth it!', 280, 85, -351, 'World', 'https://dl.dropbox.com/s/pxa3zowfgpmqalt/2012-02-15_10.02.20.png?dl=1|https://dl.dropbox.com/s/ryrczzg2fpaeu8i/2012-02-15_10.03.05.png?dl=1|https://dl.dropbox.com/s/kgo0o60l25xz32x/2012-02-15_10.03.35.png?dl=1|https://dl.dropbox.com/s/alnboj04t7ala68/2012-02-15_10.04.19.png?dl=1|https://dl.dropbox.com/s/amyiuvt32o6n6bg/2012-02-15_10.04.51.png?dl=1|https://dl.dropbox.com/s/6uu2bo3c4dp3hit/2012-02-15_10.08.54.png?dl=1|', 'ArchitectDonatorPlus'),
(31, '13 Unlucky Balloons', 6, 'pianoman077', 'Ever taken a balloon ride and feared you would never return? Well, let your superstitious fears be realized! These 13 balloons will help you soar into the skies and provide many great photo opportunities. But don\\''t break any glass or tip over any salt, because your trip might be extended infinitely...\n\nI hope you guys enjoy my balloon contest entry. My inspiration was how balloon vendors can tie a bunch of balloons together and the theory that with enough helium-filled balloons, your child could fly away! ', -1053, 68, 9, 'Empire', 'http://i1117.photobucket.com/albums/k587/pianoman077/Minecraft/Balloon%20Entry%20-%2013%20Unlucky%20Balloons/2012-02-18_121034.png|http://i1117.photobucket.com/albums/k587/pianoman077/Minecraft/Balloon%20Entry%20-%2013%20Unlucky%20Balloons/2012-02-18_121058.png|http://i1117.photobucket.com/albums/k587/pianoman077/Minecraft/Balloon%20Entry%20-%2013%20Unlucky%20Balloons/2012-02-18_121159.png|http://i1117.photobucket.com/albums/k587/pianoman077/Minecraft/Balloon%20Entry%20-%2013%20Unlucky%20Balloons/2012-02-18_121325.png|http://i1117.photobucket.com/albums/k587/pianoman077/Minecraft/Balloon%20Entry%20-%2013%20Unlucky%20Balloons/2012-02-18_121334.png|http://i1117.photobucket.com/albums/k587/pianoman077/Minecraft/Balloon%20Entry%20-%2013%20Unlucky%20Balloons/2012-02-18_121246.png|http://i1117.photobucket.com/albums/k587/pianoman077/Minecraft/Balloon%20Entry%20-%2013%20Unlucky%20Balloons/2012-02-18_121227.png|', 'ArchitectDonatorPlus'),
(42, 'Shroom B\\''loon', 6, 'lvasold', 'Through tedious effort and meticulous crafting, we have developed the lightest material balloon harvested from the super rare red mushrooms from the Mycelia continent.  The extremely durable body was harvested from a dark world for its resistance to the environment.  The top-side vent controls vertical movement, and the custom, patent-pending piston heat direction control and rope tether systems are designed for controlling the shape of the balloon.  The Shroom B\\''loon\\''s functionality is only surpassed by its stunning beauty!', -593, 66, -432, 'Empire', 'http://dl.dropbox.com/u/100972/Shroom-01.png|http://dl.dropbox.com/u/100972/Shroom-02.png|http://dl.dropbox.com/u/100972/Shroom-03.png|http://dl.dropbox.com/u/100972/Shroom-04.png|', 'ElderDonatorPlus'),
(33, 'Jellyfish Glider', 6, 'pianoman077', 'Welcome aboard this underwater themed balloon! Glide across the skies and bask in the wonderful view that only the Jellyfish Glider can provide! Disclaimer: Just don\\''t travel near forests - the vines will pull you down! Bask in the romantic glow at night and feel the gentle breeze of air travel.\n\n//I had lots of fun working on this one. Enjoy!', -1078, 68, 44, 'Empire', 'http://i1117.photobucket.com/albums/k587/pianoman077/Minecraft/Balloon%20Entry%20-%20Jellyfish%20Glider/2012-02-21_135209.png|http://i1117.photobucket.com/albums/k587/pianoman077/Minecraft/Balloon%20Entry%20-%20Jellyfish%20Glider/2012-02-21_135224.png|http://i1117.photobucket.com/albums/k587/pianoman077/Minecraft/Balloon%20Entry%20-%20Jellyfish%20Glider/2012-02-21_135236.png|http://i1117.photobucket.com/albums/k587/pianoman077/Minecraft/Balloon%20Entry%20-%20Jellyfish%20Glider/2012-02-21_135245.png|http://i1117.photobucket.com/albums/k587/pianoman077/Minecraft/Balloon%20Entry%20-%20Jellyfish%20Glider/2012-02-21_135254.png|http://i1117.photobucket.com/albums/k587/pianoman077/Minecraft/Balloon%20Entry%20-%20Jellyfish%20Glider/2012-02-21_135311.png|', 'ArchitectDonatorPlus'),
(36, 'Dark Crystal', 6, 'azkedar', 'Oh, yes, that?  Yes, that\\''s a hot air balloon designed to look like a giant Ender Crystal.  With glyphs that glow with imitation flowing lava.  Of course it\\''s not an actual Ender Crystal, with actual lava, because that would involve Arcane, Fell and/or Eldritch magicks.  I wouldn\\''t use any of that, of course.\n\nAnd the gondola?  No, I don\\''t think enclosed turbine engines are unfair in a hot air balloon race.  Neither are arrow-firing auto-cannons or TNT bombs.  It\\''s all in good fun, y\\''know!  That\\''s why I\\''ve got a comfy cabin and a nice observation area on the aft deck.  I love to enjoy the sweet scent of burning corpse-- er, I mean, of fresh air!  Ahh, yes...', 1078, 59, -733, 'skylands', 'http://dl.dropbox.com/u/22476204/balloon/2012-02-23_11.22.59.png|http://dl.dropbox.com/u/22476204/balloon/2012-02-23_11.25.03.png|http://dl.dropbox.com/u/22476204/balloon/2012-02-23_11.21.35.png|http://dl.dropbox.com/u/22476204/balloon/2012-02-23_11.20.52.png|http://dl.dropbox.com/u/22476204/balloon/2012-02-23_11.27.12.png|', 'MasterDonatorPlus'),
(37, 'blue and white', 6, 'thomas_dauber', 'just a humble blue and white checkered balloon for touring the open skies.', -421, 66, 296, 'empire', '', 'Settler'),
(38, 'Hot Air.', 6, 'silver82', '5 classic hot air balloons. Besides the creeper, the designs are based from memory. When I was younger, balloons would take off and land regularly in the town I live in, and there were always a couple in the sky during the summer. This was a fun contest that brought me back a few years lol.', 432, 68, -180, 'Empire L14', 'http://i.imgur.com/mSWVIh.jpg|http://i.imgur.com/WOWXG.png|http://i.imgur.com/XKvVmh.png|http://i.imgur.com/DjbxJh.jpg|http://i.imgur.com/ADKEDh.png|http://i.imgur.com/5FYdah.jpg|', 'Settler'),
(40, 'Senor Saguaro', 6, 'Xecaria', 'Nothing lift the spirit quite like a eating a taco in this one of a kind hot air balloon! Enjoy your ride in the skies with Senor Saguaro and his sombrero!', 468, 69, 225, 'Empire', 'http://i1067.photobucket.com/albums/u434/Teresa_Houseal/ggffffffffffffffffffffffff.jpg|http://i1067.photobucket.com/albums/u434/Teresa_Houseal/sgdfg.jpg|http://i1067.photobucket.com/albums/u434/Teresa_Houseal/hghhh.jpg|http://i1067.photobucket.com/albums/u434/Teresa_Houseal/ffsdfsd.jpg|', 'Settler'),
(41, 'Mega-Sheep', 6, 'thomas_dauber', 'this was originally built as an effigy to our fluffy little friends now ready to fly the open skies as a flying restaurant.', -449, 61, 28, 'empire', '', 'Settler'),
(43, 'Steampunk Jet Balloon', 6, 'lvasold', 'This Steampunk Jet Balloon, nicknamed \\''Molly,\\'' has been retrofitted for the upcoming race!  The engine has been modified to use a multitude of fuels.  The standard lightweight components have been upgraded! The body has been formed of light-weight wood.  The wings have been replaced with gravity-defying endstone!  The rear propeller aids the wing-mounted jet propulsion system!  The control deck allows for plenty of room for passengers to experience a race-winning ride!', -567, 66, -436, 'Empire', 'http://dl.dropbox.com/u/100972/Steampunk-01.png|http://dl.dropbox.com/u/100972/Steampunk-02.png|http://dl.dropbox.com/u/100972/Steampunk-03.png|http://dl.dropbox.com/u/100972/Steampunk-04.png|', 'ElderDonatorPlus'),
(44, 'Rainbow Balloon', 6, 'Albertpuding', 'Went for a plain and realistic look,  based off this picture: http://www.georgianmanner.com/images/gm-hotair-balloonrides.jpg\n\nAlbum: http://imgur.com/a/r0N7y#0\n\nHope you enjoy! :)', -801, 74, 33, 'Empire', 'http://i.imgur.com/RRtQF.png|http://i.imgur.com/ebcW9.png|http://i.imgur.com/gsbtW.png|http://i.imgur.com/f2f7e.png|http://i.imgur.com/akenj.png|http://i.imgur.com/6ZFDy.png|http://i.imgur.com/rBeDp.png|', 'ArchitectDonatorPlus'),
(45, 'Pirates of the Air', 6, 'Mochatonic', 'Balloon racers beware there be pirates floating along the race track.  ', -1069, 64, -327, 'Empire', '', 'Architect'),
(46, 'Octoballoon', 6, 'luklukk', 'A semi-realistic balloon design that features an octopus stretching down and encircling the main balloon. A similar real life balloon can be seen in the picture gallery.', -881, 98, -459, 'empire', 'http://3.bp.blogspot.com/_uBqR-SxdBYc/S7sfQ6bKZ-I/AAAAAAAAH74/Y9MNk5sgtWM/s640/14.jpg|http://i.imgur.com/qznTp.jpg|http://i.imgur.com/Su4Fp.jpg|http://i.imgur.com/Q2XYD.jpg|http://i.imgur.com/v8Flw.jpg|', 'Master'),
(47, 'The Rocky Road of Racing', 6, 'Xecaria', 'Enjoy your ride in the sky in this Ice Cream balloon! ', 473, 64, 153, 'Empire', 'http://i1067.photobucket.com/albums/u434/Teresa_Houseal/2012-02-27_220809-1.png|http://i1067.photobucket.com/albums/u434/Teresa_Houseal/2012-02-28_160607.png|', 'Settler'),
(48, 'Queen Creepers Revenge', 6, 'psiber', 'Drifiting silently through the air, none suspect this behemoth to fall upon them until it is too late. Forced on by 4 mighty baloons with unparalleled firey baloon injection technology, a tremendous arsenal and all the creature comforts of home this flying fortress is a great way to spend some time plundering the skies.\n\nNotable Features\n&gt; Its big :D its pretty :D it has skull baloons.\n&gt; Working cargo bay doors\n&gt; Working cannons\n&gt; Working cannon port hole doors\n&gt; Fully explorable interiors\n&gt; Strong Room for fat loots\n&gt; Massive crew quarters!\n&gt; Pleasantly appointed Captains quarters\n&gt; Booze courtesy of Master brewer Uncovery. (NB may cause blindness)\n&gt; Did I mention skull baloons? It has skull baloons.', -1108, 25, 975, 'Skylands', 'http://www.stripedelephants.com/GAMEZ/MINECRAFT/a.png|http://www.stripedelephants.com/GAMEZ/MINECRAFT/b.png|http://www.stripedelephants.com/GAMEZ/MINECRAFT/c.png|http://www.stripedelephants.com/GAMEZ/MINECRAFT/d.png|http://www.stripedelephants.com/GAMEZ/MINECRAFT/e.png|http://www.stripedelephants.com/GAMEZ/MINECRAFT/f.png|http://www.stripedelephants.com/GAMEZ/MINECRAFT/g.png|http://www.stripedelephants.com/GAMEZ/MINECRAFT/h.png|http://www.stripedelephants.com/GAMEZ/MINECRAFT/i.png|http://www.stripedelephants.com/GAMEZ/MINECRAFT/j.png|http://www.stripedelephants.com/GAMEZ/MINECRAFT/k.png|http://www.stripedelephants.com/GAMEZ/MINECRAFT/l.png|http://www.stripedelephants.com/GAMEZ/MINECRAFT/m.png|http://www.stripedelephants.com/GAMEZ/MINECRAFT/n.png|', 'ArchitectDonatorPlus'),
(49, 'Up!', 6, 'fingermouse', 'It\\''s probably been done before, but this was a fun thing to build and really needed to be done for the competition. Took a bit longer than I wanted, so I haven\\''t had time to build my other entry - but I think it\\''s worth it for the end result. No sheep were harmed in the making of this creation.', 281, 77, -303, 'World', 'https://dl.dropbox.com/s/wg4ruvcc4g02h6k/2012-02-29_18.24.10.png?dl=1|https://dl.dropbox.com/s/deqrowf8ob41gti/2012-02-29_18.25.02.png?dl=1|https://dl.dropbox.com/s/rf7wjiger5tmmyc/2012-02-29_18.23.48.png?dl=1|https://dl.dropbox.com/s/0pqasv8d5qwat1z/2012-02-29_18.23.15.png?dl=1|https://dl.dropbox.com/s/b7u2ixczy0enfdv/2012-02-29_18.21.59.png?dl=1|https://dl.dropbox.com/s/b1itiku2vys4ma3/2012-02-29_18.21.36.png?dl=1|', 'ArchitectDonatorPlus'),
(50, 'Snowman balloon', 6, 'hardcorepuding', 'It\\''s a snowman.', -709, 80, -112, 'Empire', '', 'Master'),
(53, 'Maris Manducans', 7, 'Highboy', 'Latin for Deep Sea Eating, Maris Manducans is a restaurant under the sea. This restaurant has a two to three year wait list so plan way ahead before you go and we will call you when your table is ready. Also please don\\''t feed the fishes, their like dogs they will keep coming back, and we already have to big of a wait list as is. Please enjoy your stay at Maris Manducans.', -992, 65, 1103, 'Empire', 'http://i.imgur.com/NpEPk.png|http://i.imgur.com/qOGY2.png|http://i.imgur.com/ypNyI.png|http://i.imgur.com/sghWW.png|http://i.imgur.com/8bUmv.png|http://i.imgur.com/R6Q9Z.png|http://i.imgur.com/c36XE.jpg|http://i.imgur.com/FMw8t.png|http://i.imgur.com/ypnje.png|http://i.imgur.com/aEavs.jpg|http://i.imgur.com/yhGco.jpg|http://i.imgur.com/Dir8N.png|http://i.imgur.com/AM10p.jpg|http://i.imgur.com/UMpgw.png|http://i.imgur.com/AsWE0.png|', 'Settler'),
(54, 'Under water house', 7, 'patpat2211', 'this is a house that is two floors with a see through roof so that person living there can see what is happening out in the sea', -983, 53, 887, 'Skylands', 'http://i1195.photobucket.com/albums/aa394/patpat2211/2012-04-06_124353.png|http://i1195.photobucket.com/albums/aa394/patpat2211/2012-04-06_124339.png|http://i1195.photobucket.com/albums/aa394/patpat2211/2012-04-06_124403.png|http://i1195.photobucket.com/albums/aa394/patpat2211/2012-04-06_124352.png|http://i1195.photobucket.com/albums/aa394/patpat2211/2012-04-06_124337.png|http://i1195.photobucket.com/albums/aa394/patpat2211/2012-04-06_124401.png|http://i1195.photobucket.com/albums/aa394/patpat2211/2012-04-06_124348.png|http://i1195.photobucket.com/albums/aa394/patpat2211/2012-04-06_124334.png|http://i1195.photobucket.com/albums/aa394/patpat2211/2012-04-06_124356.png|http://i1195.photobucket.com/albums/aa394/patpat2211/2012-04-06_124356.png|http://i1195.photobucket.com/albums/aa394/patpat2211/2012-04-06_124343.png|http://i1195.photobucket.com/albums/aa394/patpat2211/2012-04-06_124326.png|', 'Citizen'),
(55, 'Under water Caslte!', 7, 'chrispypancake', 'A small underwater castle encased in glass. I drew inspiration from the kinds of ornaments you would find in a fish bowl.\n\nFeatures:\n* Four fully functional turrets.\n* Glass roof.\n* Artwork.\n* Spiral staircase.\n* A Daiy fishing on top of the glass roof.\n* Tower in the center.', -1497, 79, 648, 'Skylands', 'http://i.imgur.com/wjJXc.jpg?1|http://i.imgur.com/Qyu7q.png?1|http://i.imgur.com/3T8W5.jpg?1|http://i.imgur.com/0ZZje.png?1|http://i.imgur.com/FIz5Q.jpg?1|http://i.imgur.com/fhjQ1.png?1|http://i.imgur.com/JMYn8.png?1|http://i.imgur.com/3pnkf.jpg?1|http://i.imgur.com/yMv2p.png?1|http://i.imgur.com/VYP1L.jpg?1|http://i.imgur.com/YH7uZ.jpg?1|http://i.imgur.com/M1TeY.jpg?1|', 'Architect'),
(56, 'Patty\\''s Park', 7, 'Pattypus', 'A super fun, super safe place to leave your....offspring.', 451, 129, 469, 'Empire', 'http://i.imgur.com/RLSrN.png|http://i.imgur.com/JnOwm.png|http://i.imgur.com/secIF.png|http://i.imgur.com/kEv6o.png|http://i.imgur.com/eEgfK.jpg|http://i.imgur.com/8LhOB.jpg|http://i.imgur.com/90b3Z.jpg|', 'Settler'),
(57, 'underwater farming', 7, 'thomas_dauber', 'i have created an underwater farming studies habitat complete with recreational areas and crew quarters enjoy the facilities \n', -426, 89, 334, 'empire', '', 'Settler'),
(59, 'Hidden Secrets', 9, 'Deltascout11', 'The Hidden secret of Delta the Great. Not Difficult but made it as good as i could. Just a walk about map.', -1, 66, 190, 'Flatlands', '', 'CitizenDonatorPlus'),
(60, 'Under the Mountain', 9, 'luklukk', 'An epic thirteen-part story explores my largest build to date, a 100x100x64 mountain, rift, and tomb built 100% from scratch. As you will see from the pictures, I literally started with a hillside and ocean, into which I carved a 68m deep rift, and built a 64m high mountain. I then built artificial caves, grottoes, and stronghold-like tombs inside the mountain. As you explore my story, remember that every single block you see and walk on was hand-placed. I stress this because it is easy to forget, as much of the area was designed to look as natural as possible.\n\nThe story opens as you discover an abandoned graveyard. Up the hillside you locate the entrance to a dark tomb. Many perilous twists and turns await you inside. Eventually you reach a massive underground chamber, the final resting place of many souls on Uncovery. Just when you think your undertaking has drawn to a close, you notice a partially collapsed wall in a hidden antechamber. Through a a long, twisting cave you come to a', 672, 112, 226, 'empire', 'http://i.imgur.com/oghKG.jpg|http://i.imgur.com/Pl60v.jpg|http://i.imgur.com/LjACb.jpg|http://i.imgur.com/NM8Q2.jpg|', 'Master'),
(61, 'Submarine Port', 7, 'azkedar', 'This a small undersea wet-dock for submarines in the style of a small airport.  There are two submarines currently docked.  \n\nNote: I gave up on trying to fill in the flows underneath the \\&quot;crevices\\&quot; of my build.  If this disqualifies me, that\\''s okay, I can fix it much more easily once it is in the City.', 1114, 62, -712, 'skylands', '', 'ElderDonatorPlus'),
(62, 'Uncovery National Bank & Conference Center', 7, 'Xecaria', 'This functional bank and highly guarded vault systen also includes 3 different types of conference rooms for all your meeting needs.', 390, 71, 239, 'Empire', 'http://i.imgur.com/NgbhI.png|http://i.imgur.com/NYSqE.png|http://i.imgur.com/wmelC.png|http://i.imgur.com/cuhcV.png|http://i.imgur.com/6N1pb.png', 'Settler'),
(63, 'Desert Shop / Restaurant', 10, 'JoBilly', 'This is a shop and a restaurant which was f&Atilde;&reg;nanced by a poor family which found a tomb one day. They sold the mummies they found to a rich boatvender as fuel. They made the treasure they found to money and paid on research to find an unlimited water source. The research was successful and they found the secret in expensive Lapis blocks. For the greatness of the pharao, tut-anch-mossssissss, the sign of their restaurant/shop would be the head of the great pharao because he lend them the money they wanted.', 202, 65, 409, 'Empire', '', 'Settler'),
(65, 'SImple Hut', 10, 'h2opolo11', 'Really just a peasant\\''s hovel. Extremely simple, part of the poor man\\''s part of town.', 308, 64, -111, 'Empire', 'http://i.imgur.com/jr8qp.jpg|http://i.imgur.com/YGVGC.jpg|http://i.imgur.com/H3rGb.png|', 'Settler'),
(66, 'Little Well', 10, 'h2opolo11', 'The single most vital part of a desert village.  ', 294, 67, -122, 'Empire', 'http://i.imgur.com/7rDrl.jpg|', 'Settler'),
(67, 'Market entrance', 10, 'Moirdeth', 'This is just the entrance to a trading post. Ive got a Gate wall with two guard posts, a small papyrus far with shop next door, and an bread shop with small wheat farm. A small watering hole with two palm trees. Hope you enjoy!', -42, 67, 869, 'Empire', 'http://i.imgur.com/y1YBQ.png|http://i.imgur.com/cAiaJ.png|http://i.imgur.com/3WixX.png|http://i.imgur.com/DMR6W.png|', 'Citizen'),
(68, 'Shop and house', 10, 'inQuish', 'Just two little buildings I made. The first is a 2 stories tall shop and the other one is a house with a little sightseeing platform on top. I tried to keep things small yet detailed. No doors or glass were included and the windows were kept small because that\\''s what seemed to be the case in the images I used as inspiration, but I listened to my own imagination for the rest because otherwise this would just have been two sandstone boxes.', -1265, 65, -1253, 'Empire', 'http://i.imgur.com/mlNus.png|http://i.imgur.com/hgTFy.png|http://i.imgur.com/z7cim.png|http://i.imgur.com/MD7eO.jpg|http://i.imgur.com/bomUq.jpg|http://i.imgur.com/Fi5IS.png|http://i.imgur.com/abTgu.png|http://i.imgur.com/StslB.png|', 'Citizen'),
(69, 'Desert Slums', 10, 'Knarz97', 'A fair sized slum village, ravaged and torn apart by constant sandstorms coming from the east. Even the red cross center drop off is made from scraps. (Sorry, my computer would not work with screenshots. please got to lot S9 if you would like to have a lookski!)\nThere are many huts and a tiny well. Its hard to belive this slum town is capable of life. Also a red cross drop off zone and cantina.', -431, 65, -828, 'Empire', '', 'Settler'),
(71, 'Sacrificial Altar', 10, 'Knarz97', 'In the desert, a small temple lays in the sand. With nothing inside but a table, and blood.......\n(Lot S9 for a look)', -426, 65, -852, 'Empire', '', 'Settler'),
(72, 'Sacrificial Altar', 10, 'Knarz97', 'In the desert, a small temple lays in the sand. With nothing inside but a table, and blood.......\n(Lot S9 for a look)', -426, 65, -852, 'Empire', '', 'Settler'),
(73, 'Hookah Lounge and Market', 10, 'blakavalanche', 'Come on down to the Blak Lung Hookah Lounge for the finest tobaccos and mid-eastern atmosphere.  Share tales of discovery and bravery around our 3 designated smoking areas, rentable by the hour for only a handful of uncs!  Enjoy refreshment and relaxation, just\nbe sure to keep an eye on your coinpurse...\n\nIf you are looking for shopping there is a fine melon stand and poultry vendor right outside who will be happy to accommodate your every need.', -520, 64, 242, 'empire', 'http://i.imgur.com/uxU8E.jpg|http://i.imgur.com/dxrxg.jpg|http://i.imgur.com/SHzgz.jpg|', 'SettlerDonator');

-- --------------------------------------------------------

--
-- Table structure for table `contest_votes`
--

DROP TABLE IF EXISTS `contest_votes`;
CREATE TABLE IF NOT EXISTS `contest_votes` (
  `id` int(11) NOT NULL AUTO_INCREMENT,
  `user` varchar(20) DEFAULT NULL,
  `rank` varchar(50) DEFAULT NULL,
  `contest` int(11) NOT NULL,
  `entry` int(11) NOT NULL,
  `category` varchar(20) DEFAULT NULL,
  `value` float DEFAULT NULL,
  PRIMARY KEY (`id`)
) ENGINE=MyISAM  DEFAULT CHARSET=latin1 AUTO_INCREMENT=1370 ;

--
-- Dumping data for table `contest_votes`
--

INSERT INTO `contest_votes` (`id`, `user`, `rank`, `contest`, `entry`, `category`, `value`) VALUES
(1, 'lvasold', NULL, 3, 17, 'Looks', 4),
(2, 'lvasold', NULL, 3, 17, 'Realism', 4.5),
(3, 'lvasold', NULL, 3, 17, 'Fun', 2.5),
(4, 'lvasold', NULL, 3, 17, 'Usability', 4),
(6, 'lvasold', NULL, 3, 17, 'Innovation', 1.5),
(7, 'pinebenj', NULL, 3, 14, 'Looks', 4),
(8, 'pinebenj', NULL, 3, 14, 'Realism', 4),
(9, 'pinebenj', NULL, 3, 14, 'Fun', 5),
(10, 'pinebenj', NULL, 3, 14, 'Usability', 4.5),
(11, 'pinebenj', NULL, 3, 14, 'Innovation', 4.5),
(14, 'pinebenj', NULL, 3, 15, 'Looks', 4),
(15, 'pinebenj', NULL, 3, 15, 'Realism', 4),
(16, 'pinebenj', NULL, 3, 15, 'Fun', 4),
(17, 'pinebenj', NULL, 3, 15, 'Usability', 4),
(18, 'pinebenj', NULL, 3, 15, 'Innovation', 4),
(19, 'pinebenj', NULL, 3, 16, 'Looks', 3.5),
(20, 'pinebenj', NULL, 3, 16, 'Realism', 3),
(21, 'pinebenj', NULL, 3, 16, 'Fun', 4),
(22, 'pinebenj', NULL, 3, 16, 'Usability', 3),
(23, 'pinebenj', NULL, 3, 16, 'Innovation', 4),
(24, 'pinebenj', NULL, 3, 17, 'Realism', 4),
(25, 'pinebenj', NULL, 3, 17, 'Looks', 4),
(26, 'pinebenj', NULL, 3, 17, 'Fun', 3),
(27, 'pinebenj', NULL, 3, 17, 'Usability', 3),
(28, 'pinebenj', NULL, 3, 17, 'Innovation', 2.5),
(29, 'lvasold', NULL, 3, 15, 'Looks', 4.5),
(30, 'lvasold', NULL, 3, 15, 'Usability', 5),
(31, 'lvasold', NULL, 3, 15, 'Innovation', 4),
(32, 'lvasold', NULL, 3, 15, 'Realism', 4.5),
(34, 'lvasold', NULL, 3, 15, 'Fun', 5),
(35, 'plutoMaster', NULL, 3, 14, 'Looks', 5),
(36, 'plutoMaster', NULL, 3, 14, 'Realism', 3),
(37, 'plutoMaster', NULL, 3, 14, 'Fun', 5),
(38, 'plutoMaster', NULL, 3, 14, 'Usability', 4),
(39, 'plutoMaster', NULL, 3, 14, 'Innovation', 5),
(40, 'plutoMaster', NULL, 3, 15, 'Looks', 2),
(41, 'plutoMaster', NULL, 3, 15, 'Realism', 2),
(42, 'plutoMaster', NULL, 3, 15, 'Fun', 4),
(43, 'plutoMaster', NULL, 3, 15, 'Usability', 5),
(44, 'plutoMaster', NULL, 3, 15, 'Innovation', 2),
(45, 'plutoMaster', NULL, 3, 16, 'Looks', 4),
(46, 'plutoMaster', NULL, 3, 16, 'Realism', 4),
(47, 'plutoMaster', NULL, 3, 16, 'Fun', 3),
(48, 'plutoMaster', NULL, 3, 16, 'Usability', 2),
(49, 'plutoMaster', NULL, 3, 16, 'Innovation', 3),
(50, 'plutoMaster', NULL, 3, 17, 'Looks', 3),
(51, 'plutoMaster', NULL, 3, 17, 'Realism', 5),
(52, 'plutoMaster', NULL, 3, 17, 'Fun', 2),
(54, 'plutoMaster', NULL, 3, 17, 'Usability', 3),
(55, 'plutoMaster', NULL, 3, 17, 'Innovation', 4),
(56, 'Daiyamondo', NULL, 3, 14, 'Looks', 4.5),
(57, 'Daiyamondo', NULL, 3, 14, 'Realism', 4),
(58, 'Daiyamondo', NULL, 3, 14, 'Fun', 3.5),
(59, 'Daiyamondo', NULL, 3, 14, 'Usability', 4),
(60, 'Daiyamondo', NULL, 3, 14, 'Innovation', 5),
(61, 'Daiyamondo', NULL, 3, 15, 'Looks', 4),
(62, 'Daiyamondo', NULL, 3, 15, 'Realism', 3),
(63, 'Daiyamondo', NULL, 3, 15, 'Fun', 5),
(64, 'Daiyamondo', NULL, 3, 15, 'Usability', 5),
(65, 'Daiyamondo', NULL, 3, 15, 'Innovation', 4.5),
(66, 'Daiyamondo', NULL, 3, 16, 'Looks', 5),
(67, 'Daiyamondo', NULL, 3, 16, 'Realism', 4.5),
(68, 'Daiyamondo', NULL, 3, 16, 'Fun', 2.5),
(69, 'Daiyamondo', NULL, 3, 16, 'Usability', 2),
(70, 'Daiyamondo', NULL, 3, 16, 'Innovation', 3.5),
(71, 'Daiyamondo', NULL, 3, 17, 'Looks', 3),
(72, 'Daiyamondo', NULL, 3, 17, 'Realism', 4),
(74, 'Daiyamondo', NULL, 3, 17, 'Fun', 2),
(75, 'Daiyamondo', NULL, 3, 17, 'Usability', 3),
(76, 'Daiyamondo', NULL, 3, 17, 'Innovation', 2),
(79, 'Hiosa', NULL, 3, 14, 'Looks', 5),
(80, 'Hiosa', NULL, 3, 14, 'Realism', 4),
(81, 'Hiosa', NULL, 3, 14, 'Fun', 5),
(82, 'Hiosa', NULL, 3, 14, 'Innovation', 5),
(83, 'Hiosa', NULL, 3, 14, 'Usability', 3),
(84, 'Hiosa', NULL, 3, 15, 'Looks', 4.5),
(85, 'Hiosa', NULL, 3, 15, 'Realism', 4),
(86, 'Hiosa', NULL, 3, 15, 'Innovation', 3),
(87, 'Hiosa', NULL, 3, 15, 'Fun', 4),
(88, 'Hiosa', NULL, 3, 15, 'Usability', 5),
(89, 'Hiosa', NULL, 3, 16, 'Looks', 2.5),
(90, 'Hiosa', NULL, 3, 16, 'Realism', 4.5),
(91, 'Hiosa', NULL, 3, 16, 'Fun', 1.5),
(99, 'Hiosa', NULL, 3, 16, 'Usability', 3),
(93, 'Hiosa', NULL, 3, 16, 'Innovation', 2.5),
(94, 'Hiosa', NULL, 3, 17, 'Looks', 4.5),
(101, 'Hiosa', NULL, 3, 17, 'Realism', 2.5),
(96, 'Hiosa', NULL, 3, 17, 'Fun', 3.5),
(97, 'Hiosa', NULL, 3, 17, 'Usability', 4),
(98, 'Hiosa', NULL, 3, 17, 'Innovation', 3.5),
(102, 'Sockso', NULL, 3, 14, 'Looks', 4),
(103, 'Sockso', NULL, 3, 14, 'Realism', 5),
(104, 'Sockso', NULL, 3, 14, 'Fun', 5),
(105, 'Sockso', NULL, 3, 14, 'Usability', 5),
(106, 'Sockso', NULL, 3, 14, 'Innovation', 5),
(112, 'Sockso', NULL, 3, 15, 'Usability', 5),
(108, 'Sockso', NULL, 3, 15, 'Innovation', 4),
(109, 'Sockso', NULL, 3, 15, 'Looks', 4),
(110, 'Sockso', NULL, 3, 15, 'Realism', 4),
(111, 'Sockso', NULL, 3, 15, 'Fun', 4),
(113, 'Sockso', NULL, 3, 17, 'Looks', 3.5),
(114, 'Sockso', NULL, 3, 17, 'Realism', 4),
(115, 'Sockso', NULL, 3, 17, 'Fun', 2.5),
(116, 'Sockso', NULL, 3, 17, 'Usability', 3),
(117, 'Sockso', NULL, 3, 17, 'Innovation', 2.5),
(118, 'lvasold', NULL, 3, 14, 'Realism', 4.5),
(119, 'lvasold', NULL, 3, 14, 'Fun', 5),
(120, 'lvasold', NULL, 3, 16, 'Looks', 3.5),
(121, 'lvasold', NULL, 3, 16, 'Realism', 3.5),
(122, 'lvasold', NULL, 3, 16, 'Fun', 2),
(123, 'lvasold', NULL, 3, 16, 'Usability', 2.5),
(124, 'lvasold', NULL, 3, 16, 'Innovation', 1.5),
(125, 'uncovery', NULL, 3, 17, 'Realism', 5),
(126, 'uncovery', NULL, 3, 17, 'Usability', 5),
(127, 'uncovery', NULL, 3, 17, 'Looks', 4.5),
(128, 'uncovery', NULL, 3, 16, 'Looks', 2),
(134, 'uncovery', NULL, 4, 18, 'Looks', 0.5),
(130, 'uncovery', NULL, 4, 18, 'Realism', 0.5),
(131, 'uncovery', NULL, 4, 18, 'Fun', 0.5),
(132, 'uncovery', NULL, 4, 18, 'Usability', 0.5),
(133, 'uncovery', NULL, 4, 18, 'Innovation', 0.5),
(135, 'Sockso', NULL, 3, 16, 'Looks', 4),
(136, 'Sockso', NULL, 3, 16, 'Realism', 4),
(140, 'Sockso', NULL, 3, 16, 'Fun', 2.5),
(138, 'Sockso', NULL, 3, 16, 'Innovation', 3),
(139, 'Sockso', NULL, 3, 16, 'Usability', 2.5),
(219, 'lvasold', NULL, 4, 22, 'Looks', 4.5),
(220, 'lvasold', NULL, 4, 22, 'Realism', 4),
(221, 'lvasold', NULL, 4, 22, 'Fun', 4),
(222, 'lvasold', NULL, 4, 22, 'Usability', 4.5),
(223, 'lvasold', NULL, 4, 22, 'Innovation', 4.5),
(190, 'lvasold', NULL, 4, 21, 'Looks', 3.5),
(189, 'lvasold', NULL, 4, 21, 'Realism', 4.5),
(191, 'lvasold', NULL, 4, 21, 'Fun', 4),
(192, 'lvasold', NULL, 4, 21, 'Usability', 5),
(193, 'lvasold', NULL, 4, 21, 'Innovation', 4),
(157, 'pinebenj', NULL, 4, 24, 'Looks', 4.5),
(158, 'pinebenj', NULL, 4, 24, 'Realism', 4.5),
(159, 'pinebenj', NULL, 4, 24, 'Fun', 5),
(160, 'pinebenj', NULL, 4, 24, 'Usability', 4),
(161, 'pinebenj', NULL, 4, 24, 'Innovation', 4.5),
(162, 'pinebenj', NULL, 4, 20, 'Looks', 4),
(163, 'pinebenj', NULL, 4, 20, 'Realism', 4),
(164, 'pinebenj', NULL, 4, 20, 'Fun', 4.5),
(165, 'pinebenj', NULL, 4, 20, 'Usability', 4),
(166, 'pinebenj', NULL, 4, 20, 'Innovation', 4.5),
(167, 'pinebenj', NULL, 4, 22, 'Looks', 3.5),
(406, 'pinebenj', NULL, 4, 22, 'Realism', 4),
(169, 'pinebenj', NULL, 4, 22, 'Fun', 4),
(407, 'pinebenj', NULL, 4, 22, 'Usability', 4),
(408, 'pinebenj', NULL, 4, 22, 'Innovation', 4),
(172, 'pinebenj', NULL, 4, 21, 'Looks', 4.5),
(173, 'pinebenj', NULL, 4, 21, 'Realism', 4),
(174, 'pinebenj', NULL, 4, 21, 'Fun', 4),
(175, 'pinebenj', NULL, 4, 21, 'Usability', 4),
(176, 'pinebenj', NULL, 4, 21, 'Innovation', 3.5),
(318, 'pinebenj', NULL, 4, 26, 'Looks', 5),
(319, 'pinebenj', NULL, 4, 26, 'Realism', 5),
(322, 'pinebenj', NULL, 4, 26, 'Fun', 5),
(320, 'pinebenj', NULL, 4, 26, 'Usability', 5),
(321, 'pinebenj', NULL, 4, 26, 'Innovation', 5),
(182, 'lvasold', NULL, 4, 19, 'Looks', 2.5),
(183, 'lvasold', NULL, 4, 19, 'Realism', 3),
(184, 'lvasold', NULL, 4, 19, 'Fun', 2.5),
(186, 'lvasold', NULL, 4, 19, 'Usability', 3),
(187, 'lvasold', NULL, 4, 19, 'Innovation', 1),
(194, 'lvasold', NULL, 4, 25, 'Innovation', 5),
(195, 'lvasold', NULL, 4, 25, 'Usability', 4),
(196, 'lvasold', NULL, 4, 25, 'Fun', 5),
(197, 'lvasold', NULL, 4, 25, 'Realism', 4),
(198, 'lvasold', NULL, 4, 25, 'Looks', 3.5),
(199, 'lvasold', NULL, 4, 23, 'Looks', 3),
(200, 'lvasold', NULL, 4, 23, 'Realism', 3.5),
(201, 'lvasold', NULL, 4, 23, 'Fun', 3),
(202, 'lvasold', NULL, 4, 23, 'Usability', 3.5),
(203, 'lvasold', NULL, 4, 23, 'Innovation', 2.5),
(204, 'lvasold', NULL, 4, 26, 'Looks', 4),
(205, 'lvasold', NULL, 4, 26, 'Realism', 3.5),
(206, 'lvasold', NULL, 4, 26, 'Fun', 4),
(207, 'lvasold', NULL, 4, 26, 'Innovation', 4.5),
(208, 'lvasold', NULL, 4, 26, 'Usability', 3.5),
(209, 'lvasold', NULL, 4, 27, 'Looks', 3),
(210, 'lvasold', NULL, 4, 27, 'Realism', 2),
(211, 'lvasold', NULL, 4, 27, 'Fun', 3.5),
(212, 'lvasold', NULL, 4, 27, 'Usability', 3),
(213, 'lvasold', NULL, 4, 27, 'Innovation', 4.5),
(214, 'lvasold', NULL, 4, 28, 'Looks', 3),
(215, 'lvasold', NULL, 4, 28, 'Realism', 2.5),
(216, 'lvasold', NULL, 4, 28, 'Fun', 3.5),
(217, 'lvasold', NULL, 4, 28, 'Usability', 2),
(218, 'lvasold', NULL, 4, 28, 'Innovation', 3),
(229, 'lvasold', NULL, 4, 24, 'Looks', 4.5),
(225, 'lvasold', NULL, 4, 24, 'Realism', 4),
(226, 'lvasold', NULL, 4, 24, 'Fun', 4),
(227, 'lvasold', NULL, 4, 24, 'Usability', 2.5),
(228, 'lvasold', NULL, 4, 24, 'Innovation', 3),
(230, 'Hiosa', NULL, 4, 19, 'Looks', 3.5),
(231, 'Hiosa', NULL, 4, 19, 'Realism', 4),
(232, 'Hiosa', NULL, 4, 19, 'Fun', 2),
(233, 'Hiosa', NULL, 4, 19, 'Usability', 3),
(234, 'Hiosa', NULL, 4, 19, 'Innovation', 0.5),
(235, 'Hiosa', NULL, 4, 20, 'Looks', 4.5),
(236, 'Hiosa', NULL, 4, 20, 'Realism', 4.5),
(237, 'Hiosa', NULL, 4, 20, 'Fun', 5),
(238, 'Hiosa', NULL, 4, 20, 'Usability', 5),
(239, 'Hiosa', NULL, 4, 20, 'Innovation', 5),
(240, 'Hiosa', NULL, 4, 22, 'Looks', 5),
(241, 'Hiosa', NULL, 4, 22, 'Realism', 5),
(242, 'Hiosa', NULL, 4, 22, 'Fun', 5),
(243, 'Hiosa', NULL, 4, 22, 'Usability', 5),
(244, 'Hiosa', NULL, 4, 22, 'Innovation', 5),
(246, 'Hiosa', NULL, 4, 24, 'Looks', 5),
(247, 'Hiosa', NULL, 4, 24, 'Realism', 3.5),
(248, 'Hiosa', NULL, 4, 24, 'Fun', 4.5),
(249, 'Hiosa', NULL, 4, 24, 'Usability', 2.5),
(250, 'Hiosa', NULL, 4, 24, 'Innovation', 4),
(251, 'Hiosa', NULL, 4, 25, 'Fun', 5),
(252, 'Hiosa', NULL, 4, 25, 'Innovation', 4),
(253, 'Hiosa', NULL, 4, 25, 'Realism', 4.5),
(254, 'Hiosa', NULL, 4, 25, 'Looks', 4.5),
(255, 'Hiosa', NULL, 4, 25, 'Usability', 4.5),
(256, 'Hiosa', NULL, 4, 26, 'Looks', 3.5),
(257, 'Hiosa', NULL, 4, 26, 'Fun', 4),
(258, 'Hiosa', NULL, 4, 26, 'Innovation', 4),
(259, 'Hiosa', NULL, 4, 26, 'Usability', 4),
(260, 'Hiosa', NULL, 4, 26, 'Realism', 3.5),
(261, 'Hiosa', NULL, 4, 27, 'Looks', 1),
(262, 'Hiosa', NULL, 4, 27, 'Realism', 1),
(263, 'Hiosa', NULL, 4, 27, 'Innovation', 3.5),
(264, 'Hiosa', NULL, 4, 27, 'Usability', 3.5),
(265, 'Hiosa', NULL, 4, 27, 'Fun', 4),
(266, 'Hiosa', NULL, 4, 28, 'Innovation', 3.5),
(267, 'Hiosa', NULL, 4, 28, 'Realism', 4),
(268, 'Hiosa', NULL, 4, 28, 'Fun', 4),
(269, 'Hiosa', NULL, 4, 28, 'Usability', 3),
(270, 'Hiosa', NULL, 4, 28, 'Looks', 2.5),
(271, 'Daiyamondo', NULL, 4, 20, 'Looks', 3.5),
(272, 'Daiyamondo', NULL, 4, 20, 'Realism', 3),
(273, 'Daiyamondo', NULL, 4, 20, 'Fun', 3.5),
(275, 'Daiyamondo', NULL, 4, 20, 'Usability', 3),
(276, 'Daiyamondo', NULL, 4, 20, 'Innovation', 4),
(277, 'Daiyamondo', NULL, 4, 22, 'Looks', 4),
(278, 'Daiyamondo', NULL, 4, 22, 'Realism', 4.5),
(280, 'Daiyamondo', NULL, 4, 22, 'Fun', 4.5),
(281, 'Daiyamondo', NULL, 4, 22, 'Usability', 4),
(282, 'Daiyamondo', NULL, 4, 22, 'Innovation', 4),
(283, 'Daiyamondo', NULL, 4, 24, 'Looks', 5),
(284, 'Daiyamondo', NULL, 4, 24, 'Realism', 4.5),
(285, 'Daiyamondo', NULL, 4, 24, 'Fun', 4.5),
(286, 'Daiyamondo', NULL, 4, 24, 'Usability', 4),
(287, 'Daiyamondo', NULL, 4, 24, 'Innovation', 5),
(288, 'Daiyamondo', NULL, 4, 25, 'Looks', 4),
(289, 'Daiyamondo', NULL, 4, 25, 'Realism', 4.5),
(290, 'Daiyamondo', NULL, 4, 25, 'Fun', 4.5),
(291, 'Daiyamondo', NULL, 4, 25, 'Usability', 4),
(292, 'Daiyamondo', NULL, 4, 25, 'Innovation', 5),
(293, 'Daiyamondo', NULL, 4, 26, 'Looks', 4.5),
(294, 'Daiyamondo', NULL, 4, 26, 'Realism', 4.5),
(295, 'Daiyamondo', NULL, 4, 26, 'Fun', 4.5),
(296, 'Daiyamondo', NULL, 4, 26, 'Usability', 4),
(297, 'Daiyamondo', NULL, 4, 26, 'Innovation', 4.5),
(298, 'Daiyamondo', NULL, 4, 27, 'Looks', 3.5),
(299, 'Daiyamondo', NULL, 4, 27, 'Realism', 3.5),
(300, 'Daiyamondo', NULL, 4, 27, 'Fun', 3.5),
(301, 'Daiyamondo', NULL, 4, 27, 'Usability', 3),
(302, 'Daiyamondo', NULL, 4, 27, 'Innovation', 4.5),
(303, 'Daiyamondo', NULL, 4, 28, 'Looks', 3),
(304, 'Daiyamondo', NULL, 4, 28, 'Realism', 2.5),
(305, 'Daiyamondo', NULL, 4, 28, 'Fun', 3.5),
(306, 'Daiyamondo', NULL, 4, 28, 'Usability', 3),
(308, 'Daiyamondo', NULL, 4, 28, 'Innovation', 3.5),
(309, 'Daiyamondo', NULL, 4, 21, 'Looks', 2.5),
(310, 'Daiyamondo', NULL, 4, 21, 'Realism', 3),
(311, 'Daiyamondo', NULL, 4, 21, 'Fun', 3),
(312, 'Daiyamondo', NULL, 4, 21, 'Usability', 3.5),
(314, 'Daiyamondo', NULL, 4, 21, 'Innovation', 2.5),
(344, 'Sockso', NULL, 4, 19, 'Looks', 5),
(323, 'HenMeister', NULL, 3, 14, 'Looks', 5),
(324, 'HenMeister', NULL, 3, 14, 'Realism', 4),
(325, 'HenMeister', NULL, 3, 14, 'Fun', 4.5),
(326, 'HenMeister', NULL, 3, 14, 'Usability', 4),
(327, 'HenMeister', NULL, 3, 14, 'Innovation', 5),
(328, 'HenMeister', NULL, 3, 15, 'Looks', 3.5),
(329, 'HenMeister', NULL, 3, 15, 'Realism', 3.5),
(330, 'HenMeister', NULL, 3, 15, 'Fun', 4.5),
(331, 'HenMeister', NULL, 3, 15, 'Usability', 4.5),
(332, 'HenMeister', NULL, 3, 15, 'Innovation', 4),
(333, 'HenMeister', NULL, 3, 16, 'Looks', 4),
(334, 'HenMeister', NULL, 3, 16, 'Realism', 4),
(335, 'HenMeister', NULL, 3, 16, 'Fun', 4.5),
(336, 'HenMeister', NULL, 3, 16, 'Usability', 4),
(337, 'HenMeister', NULL, 3, 16, 'Innovation', 4),
(338, 'HenMeister', NULL, 3, 17, 'Looks', 4.5),
(339, 'HenMeister', NULL, 3, 17, 'Realism', 4),
(340, 'HenMeister', NULL, 3, 17, 'Fun', 3.5),
(341, 'HenMeister', NULL, 3, 17, 'Usability', 3),
(342, 'HenMeister', NULL, 3, 17, 'Innovation', 3.5),
(345, 'Sockso', NULL, 4, 19, 'Realism', 5),
(346, 'Sockso', NULL, 4, 19, 'Fun', 5),
(347, 'Sockso', NULL, 4, 19, 'Usability', 5),
(348, 'Sockso', NULL, 4, 19, 'Innovation', 5),
(349, 'HenMeister', NULL, 4, 19, 'Looks', 4.5),
(350, 'HenMeister', NULL, 4, 19, 'Realism', 5),
(351, 'HenMeister', NULL, 4, 19, 'Fun', 4),
(352, 'HenMeister', NULL, 4, 19, 'Usability', 4.5),
(353, 'HenMeister', NULL, 4, 19, 'Innovation', 4),
(354, 'HenMeister', NULL, 4, 24, 'Looks', 5),
(355, 'HenMeister', NULL, 4, 24, 'Realism', 4.5),
(356, 'HenMeister', NULL, 4, 24, 'Fun', 4),
(357, 'HenMeister', NULL, 4, 24, 'Usability', 3.5),
(358, 'HenMeister', NULL, 4, 24, 'Innovation', 4.5),
(359, 'plutoMaster', NULL, 4, 19, 'Looks', 2),
(360, 'plutoMaster', NULL, 4, 19, 'Realism', 4),
(361, 'plutoMaster', NULL, 4, 19, 'Fun', 4),
(362, 'plutoMaster', NULL, 4, 19, 'Usability', 2),
(363, 'plutoMaster', NULL, 4, 19, 'Innovation', 3),
(364, 'plutoMaster', NULL, 4, 21, 'Looks', 3),
(365, 'plutoMaster', NULL, 4, 21, 'Realism', 3),
(366, 'plutoMaster', NULL, 4, 21, 'Fun', 2),
(367, 'plutoMaster', NULL, 4, 21, 'Usability', 5),
(368, 'plutoMaster', NULL, 4, 21, 'Innovation', 3),
(369, 'plutoMaster', NULL, 4, 22, 'Looks', 4),
(370, 'plutoMaster', NULL, 4, 22, 'Realism', 4),
(371, 'plutoMaster', NULL, 4, 22, 'Fun', 3),
(372, 'plutoMaster', NULL, 4, 22, 'Usability', 5),
(373, 'plutoMaster', NULL, 4, 22, 'Innovation', 5),
(374, 'plutoMaster', NULL, 4, 23, 'Looks', 2),
(375, 'plutoMaster', NULL, 4, 23, 'Realism', 3),
(376, 'plutoMaster', NULL, 4, 23, 'Fun', 1),
(377, 'plutoMaster', NULL, 4, 23, 'Usability', 3),
(378, 'plutoMaster', NULL, 4, 23, 'Innovation', 1),
(380, 'plutoMaster', NULL, 4, 25, 'Looks', 3.5),
(381, 'plutoMaster', NULL, 4, 25, 'Realism', 4),
(384, 'plutoMaster', NULL, 4, 25, 'Fun', 4),
(385, 'plutoMaster', NULL, 4, 25, 'Usability', 5),
(387, 'plutoMaster', NULL, 4, 25, 'Innovation', 4.5),
(388, 'plutoMaster', NULL, 4, 26, 'Looks', 4),
(389, 'plutoMaster', NULL, 4, 26, 'Realism', 3.5),
(392, 'plutoMaster', NULL, 4, 26, 'Fun', 4.5),
(393, 'plutoMaster', NULL, 4, 26, 'Usability', 3.5),
(394, 'plutoMaster', NULL, 4, 26, 'Innovation', 4.5),
(395, 'plutoMaster', NULL, 4, 27, 'Looks', 3.5),
(396, 'plutoMaster', NULL, 4, 27, 'Realism', 3),
(397, 'plutoMaster', NULL, 4, 27, 'Fun', 3.5),
(398, 'plutoMaster', NULL, 4, 27, 'Usability', 3),
(399, 'plutoMaster', NULL, 4, 27, 'Innovation', 4),
(400, 'plutoMaster', NULL, 4, 28, 'Looks', 2.5),
(401, 'plutoMaster', NULL, 4, 28, 'Realism', 3),
(403, 'plutoMaster', NULL, 4, 28, 'Fun', 3.5),
(404, 'plutoMaster', NULL, 4, 28, 'Usability', 3),
(405, 'plutoMaster', NULL, 4, 28, 'Innovation', 4),
(409, 'uncovery', NULL, 4, 19, 'Looks', 3),
(413, 'uncovery', NULL, 4, 19, 'Realism', 5),
(412, 'uncovery', NULL, 4, 19, 'Fun', 2.5),
(414, 'uncovery', NULL, 4, 19, 'Usability', 3),
(436, 'uncovery', NULL, 4, 19, 'Innovation', 3),
(416, 'uncovery', NULL, 4, 20, 'Looks', 3),
(417, 'uncovery', NULL, 4, 20, 'Realism', 5),
(418, 'uncovery', NULL, 4, 20, 'Fun', 3.5),
(419, 'uncovery', NULL, 4, 20, 'Usability', 5),
(420, 'uncovery', NULL, 4, 20, 'Innovation', 3.5),
(421, 'uncovery', NULL, 4, 21, 'Looks', 3),
(422, 'uncovery', NULL, 4, 21, 'Realism', 2.5),
(423, 'uncovery', NULL, 4, 21, 'Fun', 2),
(424, 'uncovery', NULL, 4, 21, 'Usability', 3),
(425, 'uncovery', NULL, 4, 21, 'Innovation', 3.5),
(426, 'uncovery', NULL, 4, 22, 'Innovation', 5),
(427, 'uncovery', NULL, 4, 22, 'Usability', 4),
(469, 'uncovery', NULL, 4, 22, 'Fun', 3),
(471, 'uncovery', NULL, 4, 22, 'Realism', 0),
(470, 'uncovery', NULL, 4, 22, 'Looks', 3),
(472, 'uncovery', NULL, 4, 23, 'Looks', 3),
(438, 'uncovery', NULL, 4, 23, 'Realism', 2),
(439, 'uncovery', NULL, 4, 23, 'Fun', 0.5),
(440, 'uncovery', NULL, 4, 23, 'Usability', 2),
(473, 'uncovery', NULL, 4, 23, 'Innovation', 2.5),
(442, 'uncovery', NULL, 4, 24, 'Looks', 5),
(443, 'uncovery', NULL, 4, 24, 'Realism', 3),
(444, 'uncovery', NULL, 4, 24, 'Fun', 4),
(445, 'uncovery', NULL, 4, 24, 'Usability', 3),
(446, 'uncovery', NULL, 4, 24, 'Innovation', 4),
(447, 'uncovery', NULL, 4, 25, 'Looks', 5),
(448, 'uncovery', NULL, 4, 25, 'Realism', 5),
(449, 'uncovery', NULL, 4, 25, 'Fun', 5),
(450, 'uncovery', NULL, 4, 25, 'Usability', 4),
(451, 'uncovery', NULL, 4, 25, 'Innovation', 4),
(468, 'uncovery', NULL, 4, 26, 'Looks', 3),
(453, 'uncovery', NULL, 4, 26, 'Realism', 4.5),
(454, 'uncovery', NULL, 4, 26, 'Fun', 5),
(455, 'uncovery', NULL, 4, 26, 'Usability', 4),
(456, 'uncovery', NULL, 4, 26, 'Innovation', 4),
(457, 'uncovery', NULL, 4, 27, 'Looks', 4),
(458, 'uncovery', NULL, 4, 27, 'Realism', 2),
(459, 'uncovery', NULL, 4, 27, 'Fun', 2.5),
(460, 'uncovery', NULL, 4, 27, 'Usability', 3),
(461, 'uncovery', NULL, 4, 27, 'Innovation', 3),
(464, 'uncovery', NULL, 4, 28, 'Innovation', 5),
(463, 'uncovery', NULL, 4, 28, 'Realism', 4),
(465, 'uncovery', NULL, 4, 28, 'Usability', 3.5),
(466, 'uncovery', NULL, 4, 28, 'Fun', 2),
(467, 'uncovery', NULL, 4, 28, 'Looks', 3.5),
(474, 'HenMeister', NULL, 6, 30, 'Looks', 4),
(475, 'HenMeister', NULL, 6, 30, 'Realism', 4.5),
(476, 'HenMeister', NULL, 6, 30, 'Fun', 4.5),
(477, 'HenMeister', NULL, 6, 30, 'Usability', 3.5),
(478, 'HenMeister', NULL, 6, 30, 'Innovation', 4.5),
(479, 'HenMeister', NULL, 6, 31, 'Looks', 4.5),
(480, 'HenMeister', NULL, 6, 31, 'Realism', 3),
(481, 'HenMeister', NULL, 6, 31, 'Fun', 5),
(482, 'HenMeister', NULL, 6, 31, 'Usability', 3.5),
(483, 'HenMeister', NULL, 6, 31, 'Innovation', 4.5),
(484, 'HenMeister', NULL, 6, 33, 'Looks', 4.5),
(485, 'HenMeister', NULL, 6, 33, 'Realism', 3),
(486, 'HenMeister', NULL, 6, 33, 'Fun', 4),
(487, 'HenMeister', NULL, 6, 33, 'Usability', 3.5),
(488, 'HenMeister', NULL, 6, 33, 'Innovation', 4),
(489, 'HenMeister', NULL, 6, 36, 'Looks', 5),
(490, 'HenMeister', NULL, 6, 36, 'Realism', 4),
(491, 'HenMeister', NULL, 6, 36, 'Fun', 4.5),
(492, 'HenMeister', NULL, 6, 36, 'Usability', 3.5),
(493, 'HenMeister', NULL, 6, 36, 'Innovation', 4.5),
(494, 'HenMeister', NULL, 6, 38, 'Looks', 4.5),
(495, 'HenMeister', NULL, 6, 38, 'Realism', 4),
(496, 'HenMeister', NULL, 6, 38, 'Fun', 4.5),
(497, 'HenMeister', NULL, 6, 38, 'Usability', 3),
(498, 'HenMeister', NULL, 6, 38, 'Innovation', 4),
(499, 'HenMeister', NULL, 6, 40, 'Looks', 3),
(500, 'HenMeister', NULL, 6, 40, 'Realism', 4),
(501, 'HenMeister', NULL, 6, 40, 'Fun', 3),
(502, 'HenMeister', NULL, 6, 40, 'Usability', 3),
(503, 'HenMeister', NULL, 6, 40, 'Innovation', 5),
(504, 'pinebenj', NULL, 6, 30, 'Looks', 4.5),
(505, 'pinebenj', NULL, 6, 36, 'Looks', 4),
(506, 'pinebenj', NULL, 6, 36, 'Realism', 3.5),
(507, 'pinebenj', NULL, 6, 36, 'Fun', 4.5),
(508, 'pinebenj', NULL, 6, 36, 'Usability', 3),
(509, 'pinebenj', NULL, 6, 36, 'Innovation', 4.5),
(510, 'pinebenj', NULL, 6, 38, 'Looks', 5),
(511, 'pinebenj', NULL, 6, 38, 'Realism', 5),
(512, 'pinebenj', NULL, 6, 38, 'Fun', 4.5),
(736, 'pinebenj', NULL, 6, 38, 'Usability', 4),
(514, 'pinebenj', NULL, 6, 38, 'Innovation', 4.5),
(515, 'pinebenj', NULL, 6, 31, 'Realism', 4),
(710, 'pinebenj', NULL, 6, 31, 'Fun', 4),
(708, 'pinebenj', NULL, 6, 31, 'Usability', 3.5),
(709, 'pinebenj', NULL, 6, 31, 'Innovation', 4),
(519, 'pinebenj', NULL, 6, 42, 'Looks', 4),
(520, 'pinebenj', NULL, 6, 42, 'Realism', 3.5),
(521, 'pinebenj', NULL, 6, 42, 'Fun', 4),
(522, 'pinebenj', NULL, 6, 42, 'Usability', 3.5),
(523, 'pinebenj', NULL, 6, 42, 'Innovation', 4),
(524, 'pinebenj', NULL, 6, 41, 'Looks', 4),
(525, 'pinebenj', NULL, 6, 41, 'Realism', 4),
(526, 'pinebenj', NULL, 6, 41, 'Fun', 4.5),
(527, 'pinebenj', NULL, 6, 41, 'Usability', 3.5),
(528, 'pinebenj', NULL, 6, 41, 'Innovation', 4.5),
(529, 'pinebenj', NULL, 6, 37, 'Looks', 3),
(530, 'pinebenj', NULL, 6, 37, 'Realism', 3),
(531, 'pinebenj', NULL, 6, 37, 'Fun', 3),
(532, 'pinebenj', NULL, 6, 37, 'Usability', 2.5),
(533, 'pinebenj', NULL, 6, 37, 'Innovation', 3),
(534, 'Daiyamondo', NULL, 6, 29, 'Looks', 2),
(535, 'Daiyamondo', NULL, 6, 29, 'Realism', 1),
(536, 'Daiyamondo', NULL, 6, 29, 'Fun', 3),
(537, 'Daiyamondo', NULL, 6, 29, 'Usability', 1.5),
(538, 'Daiyamondo', NULL, 6, 29, 'Innovation', 1),
(539, 'Daiyamondo', NULL, 6, 30, 'Looks', 3.5),
(540, 'Daiyamondo', NULL, 6, 30, 'Realism', 4),
(541, 'Daiyamondo', NULL, 6, 30, 'Fun', 3.5),
(542, 'Daiyamondo', NULL, 6, 30, 'Usability', 2.5),
(543, 'Daiyamondo', NULL, 6, 30, 'Innovation', 3),
(544, 'Daiyamondo', NULL, 6, 31, 'Realism', 2),
(545, 'Daiyamondo', NULL, 6, 31, 'Looks', 3.5),
(546, 'Daiyamondo', NULL, 6, 31, 'Fun', 4.5),
(547, 'Daiyamondo', NULL, 6, 31, 'Usability', 3),
(548, 'Daiyamondo', NULL, 6, 31, 'Innovation', 2.5),
(549, 'Daiyamondo', NULL, 6, 42, 'Looks', 5),
(550, 'Daiyamondo', NULL, 6, 42, 'Realism', 4.5),
(551, 'Daiyamondo', NULL, 6, 42, 'Fun', 4.5),
(552, 'Daiyamondo', NULL, 6, 42, 'Usability', 4),
(553, 'Daiyamondo', NULL, 6, 42, 'Innovation', 4.5),
(554, 'Daiyamondo', NULL, 6, 33, 'Realism', 3.5),
(555, 'Daiyamondo', NULL, 6, 33, 'Looks', 4),
(556, 'Daiyamondo', NULL, 6, 33, 'Fun', 3.5),
(557, 'Daiyamondo', NULL, 6, 33, 'Usability', 3),
(558, 'Daiyamondo', NULL, 6, 33, 'Innovation', 3.5),
(559, 'Daiyamondo', NULL, 6, 36, 'Looks', 4),
(560, 'Daiyamondo', NULL, 6, 36, 'Realism', 4),
(561, 'Daiyamondo', NULL, 6, 36, 'Fun', 3.5),
(562, 'Daiyamondo', NULL, 6, 36, 'Usability', 4),
(563, 'Daiyamondo', NULL, 6, 36, 'Innovation', 4),
(564, 'Daiyamondo', NULL, 6, 37, 'Looks', 2.5),
(565, 'Daiyamondo', NULL, 6, 37, 'Realism', 4),
(566, 'Daiyamondo', NULL, 6, 37, 'Fun', 2),
(567, 'Daiyamondo', NULL, 6, 37, 'Usability', 1.5),
(568, 'Daiyamondo', NULL, 6, 37, 'Innovation', 2.5),
(569, 'Daiyamondo', NULL, 6, 38, 'Looks', 5),
(570, 'Daiyamondo', NULL, 6, 38, 'Realism', 4.5),
(571, 'Daiyamondo', NULL, 6, 38, 'Fun', 4),
(572, 'Daiyamondo', NULL, 6, 38, 'Usability', 2.5),
(573, 'Daiyamondo', NULL, 6, 38, 'Innovation', 4),
(574, 'Daiyamondo', NULL, 6, 40, 'Looks', 4),
(575, 'Daiyamondo', NULL, 6, 40, 'Realism', 3.5),
(576, 'Daiyamondo', NULL, 6, 40, 'Fun', 3.5),
(578, 'Daiyamondo', NULL, 6, 40, 'Usability', 2.5),
(579, 'Daiyamondo', NULL, 6, 40, 'Innovation', 4),
(580, 'Daiyamondo', NULL, 6, 41, 'Looks', 3.5),
(581, 'Daiyamondo', NULL, 6, 41, 'Realism', 1),
(582, 'Daiyamondo', NULL, 6, 41, 'Fun', 3.5),
(583, 'Daiyamondo', NULL, 6, 41, 'Usability', 1.5),
(584, 'Daiyamondo', NULL, 6, 41, 'Innovation', 2.5),
(585, 'Daiyamondo', NULL, 6, 43, 'Looks', 4),
(587, 'Daiyamondo', NULL, 6, 43, 'Realism', 3.5),
(588, 'Daiyamondo', NULL, 6, 43, 'Fun', 3),
(589, 'Daiyamondo', NULL, 6, 43, 'Usability', 3),
(590, 'Daiyamondo', NULL, 6, 43, 'Innovation', 4),
(591, 'Daiyamondo', NULL, 6, 44, 'Looks', 3),
(592, 'Daiyamondo', NULL, 6, 44, 'Realism', 3.5),
(593, 'Daiyamondo', NULL, 6, 44, 'Fun', 2.5),
(594, 'Daiyamondo', NULL, 6, 44, 'Usability', 3),
(595, 'Daiyamondo', NULL, 6, 44, 'Innovation', 3),
(596, 'Daiyamondo', NULL, 6, 45, 'Looks', 2.5),
(597, 'Daiyamondo', NULL, 6, 45, 'Realism', 2),
(598, 'Daiyamondo', NULL, 6, 45, 'Fun', 2.5),
(599, 'Daiyamondo', NULL, 6, 45, 'Usability', 1.5),
(600, 'Daiyamondo', NULL, 6, 45, 'Innovation', 2.5),
(601, 'Daiyamondo', NULL, 6, 46, 'Looks', 4.5),
(602, 'Daiyamondo', NULL, 6, 46, 'Realism', 4.5),
(604, 'Daiyamondo', NULL, 6, 46, 'Fun', 3.5),
(605, 'Daiyamondo', NULL, 6, 46, 'Usability', 2),
(606, 'Daiyamondo', NULL, 6, 46, 'Innovation', 3.5),
(607, 'Daiyamondo', NULL, 6, 47, 'Looks', 4),
(608, 'Daiyamondo', NULL, 6, 47, 'Realism', 4),
(609, 'Daiyamondo', NULL, 6, 47, 'Fun', 3),
(610, 'Daiyamondo', NULL, 6, 47, 'Usability', 2),
(611, 'Daiyamondo', NULL, 6, 47, 'Innovation', 3.5),
(612, 'Daiyamondo', NULL, 6, 48, 'Looks', 4.5),
(615, 'Daiyamondo', NULL, 6, 48, 'Realism', 4),
(614, 'Daiyamondo', NULL, 6, 48, 'Fun', 4.5),
(616, 'Daiyamondo', NULL, 6, 48, 'Usability', 4),
(617, 'Daiyamondo', NULL, 6, 48, 'Innovation', 4.5),
(618, 'Daiyamondo', NULL, 6, 49, 'Looks', 3.5),
(619, 'Daiyamondo', NULL, 6, 49, 'Realism', 3.5),
(620, 'Daiyamondo', NULL, 6, 49, 'Fun', 3),
(621, 'Daiyamondo', NULL, 6, 49, 'Usability', 2.5),
(622, 'Daiyamondo', NULL, 6, 49, 'Innovation', 4),
(623, 'Daiyamondo', NULL, 6, 50, 'Looks', 3.5),
(624, 'Daiyamondo', NULL, 6, 50, 'Realism', 2),
(625, 'Daiyamondo', NULL, 6, 50, 'Fun', 3),
(626, 'Daiyamondo', NULL, 6, 50, 'Usability', 2),
(627, 'Daiyamondo', NULL, 6, 50, 'Innovation', 2.5),
(628, 'lvasold', NULL, 6, 29, 'Looks', 3),
(629, 'lvasold', NULL, 6, 29, 'Realism', 1.5),
(630, 'lvasold', NULL, 6, 29, 'Fun', 4),
(631, 'lvasold', NULL, 6, 29, 'Usability', 0.5),
(632, 'lvasold', NULL, 6, 29, 'Innovation', 0.5),
(770, 'lvasold', NULL, 6, 30, 'Looks', 3),
(768, 'lvasold', NULL, 6, 30, 'Realism', 3),
(635, 'lvasold', NULL, 6, 30, 'Fun', 3.5),
(636, 'lvasold', NULL, 6, 30, 'Usability', 3),
(769, 'lvasold', NULL, 6, 30, 'Innovation', 4),
(638, 'lvasold', NULL, 6, 31, 'Looks', 4),
(639, 'lvasold', NULL, 6, 31, 'Realism', 3),
(640, 'lvasold', NULL, 6, 31, 'Fun', 4.5),
(772, 'lvasold', NULL, 6, 31, 'Usability', 4),
(642, 'lvasold', NULL, 6, 31, 'Innovation', 3.5),
(643, 'lvasold', NULL, 6, 33, 'Looks', 4.5),
(644, 'lvasold', NULL, 6, 33, 'Fun', 4),
(645, 'lvasold', NULL, 6, 33, 'Usability', 2),
(646, 'lvasold', NULL, 6, 33, 'Innovation', 3.5),
(647, 'lvasold', NULL, 6, 36, 'Looks', 4),
(648, 'lvasold', NULL, 6, 36, 'Realism', 1.5),
(649, 'lvasold', NULL, 6, 36, 'Fun', 3),
(650, 'lvasold', NULL, 6, 36, 'Usability', 2),
(651, 'lvasold', NULL, 6, 36, 'Innovation', 3),
(652, 'lvasold', NULL, 6, 37, 'Looks', 3),
(653, 'lvasold', NULL, 6, 37, 'Realism', 4),
(654, 'lvasold', NULL, 6, 37, 'Fun', 3),
(655, 'lvasold', NULL, 6, 37, 'Usability', 3),
(656, 'lvasold', NULL, 6, 37, 'Innovation', 2),
(657, 'lvasold', NULL, 6, 38, 'Innovation', 4),
(771, 'lvasold', NULL, 6, 38, 'Usability', 4),
(659, 'lvasold', NULL, 6, 38, 'Realism', 4.5),
(660, 'lvasold', NULL, 6, 38, 'Looks', 4),
(661, 'lvasold', NULL, 6, 38, 'Fun', 4),
(662, 'lvasold', NULL, 6, 40, 'Looks', 4.5),
(663, 'lvasold', NULL, 6, 40, 'Realism', 3.5),
(664, 'lvasold', NULL, 6, 40, 'Fun', 4),
(665, 'lvasold', NULL, 6, 40, 'Usability', 3),
(666, 'lvasold', NULL, 6, 40, 'Innovation', 5),
(667, 'lvasold', NULL, 6, 41, 'Looks', 4),
(668, 'lvasold', NULL, 6, 41, 'Realism', 3),
(669, 'lvasold', NULL, 6, 41, 'Fun', 4),
(670, 'lvasold', NULL, 6, 41, 'Usability', 3),
(671, 'lvasold', NULL, 6, 41, 'Innovation', 4),
(672, 'lvasold', NULL, 6, 44, 'Looks', 2.5),
(673, 'lvasold', NULL, 6, 44, 'Realism', 3.5),
(674, 'lvasold', NULL, 6, 44, 'Fun', 3),
(675, 'lvasold', NULL, 6, 44, 'Usability', 3.5),
(676, 'lvasold', NULL, 6, 44, 'Innovation', 3),
(677, 'lvasold', NULL, 6, 45, 'Looks', 3),
(678, 'lvasold', NULL, 6, 45, 'Realism', 2.5),
(679, 'lvasold', NULL, 6, 45, 'Fun', 3),
(680, 'lvasold', NULL, 6, 45, 'Usability', 3.5),
(681, 'lvasold', NULL, 6, 45, 'Innovation', 3.5),
(682, 'lvasold', NULL, 6, 46, 'Looks', 4.5),
(683, 'lvasold', NULL, 6, 46, 'Realism', 3),
(684, 'lvasold', NULL, 6, 46, 'Fun', 4),
(685, 'lvasold', NULL, 6, 46, 'Usability', 2.5),
(686, 'lvasold', NULL, 6, 46, 'Innovation', 4),
(687, 'lvasold', NULL, 6, 47, 'Looks', 4),
(688, 'lvasold', NULL, 6, 47, 'Realism', 3.5),
(689, 'lvasold', NULL, 6, 47, 'Fun', 3.5),
(690, 'lvasold', NULL, 6, 47, 'Usability', 3),
(691, 'lvasold', NULL, 6, 47, 'Innovation', 3.5),
(692, 'lvasold', NULL, 6, 48, 'Looks', 3),
(693, 'lvasold', NULL, 6, 48, 'Realism', 3),
(694, 'lvasold', NULL, 6, 48, 'Fun', 3),
(767, 'lvasold', NULL, 6, 48, 'Usability', 3),
(696, 'lvasold', NULL, 6, 48, 'Innovation', 2),
(1041, 'lvasold', NULL, 6, 49, 'Looks', 2.5),
(698, 'lvasold', NULL, 6, 49, 'Innovation', 1),
(699, 'lvasold', NULL, 6, 49, 'Fun', 2.5),
(700, 'lvasold', NULL, 6, 49, 'Realism', 2.5),
(701, 'lvasold', NULL, 6, 49, 'Usability', 2.5),
(702, 'lvasold', NULL, 6, 50, 'Looks', 3.5),
(703, 'lvasold', NULL, 6, 50, 'Realism', 2.5),
(704, 'lvasold', NULL, 6, 50, 'Fun', 3),
(705, 'lvasold', NULL, 6, 50, 'Usability', 2.5),
(706, 'lvasold', NULL, 6, 50, 'Innovation', 2),
(711, 'pinebenj', NULL, 6, 49, 'Looks', 4),
(712, 'pinebenj', NULL, 6, 49, 'Realism', 4),
(713, 'pinebenj', NULL, 6, 49, 'Fun', 5),
(714, 'pinebenj', NULL, 6, 49, 'Usability', 3.5),
(715, 'pinebenj', NULL, 6, 49, 'Innovation', 4),
(716, 'pinebenj', NULL, 6, 40, 'Realism', 3),
(717, 'pinebenj', NULL, 6, 40, 'Looks', 4),
(718, 'pinebenj', NULL, 6, 40, 'Fun', 4),
(719, 'pinebenj', NULL, 6, 40, 'Usability', 3),
(720, 'pinebenj', NULL, 6, 40, 'Innovation', 4),
(721, 'pinebenj', NULL, 6, 33, 'Looks', 4.5),
(722, 'pinebenj', NULL, 6, 33, 'Realism', 3),
(723, 'pinebenj', NULL, 6, 33, 'Fun', 4),
(724, 'pinebenj', NULL, 6, 33, 'Usability', 3),
(725, 'pinebenj', NULL, 6, 33, 'Innovation', 4),
(726, 'pinebenj', NULL, 6, 43, 'Looks', 4),
(727, 'pinebenj', NULL, 6, 43, 'Realism', 3.5),
(728, 'pinebenj', NULL, 6, 43, 'Fun', 3.5),
(729, 'pinebenj', NULL, 6, 43, 'Usability', 3.5),
(730, 'pinebenj', NULL, 6, 43, 'Innovation', 4.5),
(731, 'pinebenj', NULL, 6, 29, 'Looks', 4),
(732, 'pinebenj', NULL, 6, 29, 'Realism', 2.5),
(733, 'pinebenj', NULL, 6, 29, 'Fun', 5),
(734, 'pinebenj', NULL, 6, 29, 'Usability', 3),
(735, 'pinebenj', NULL, 6, 29, 'Innovation', 3.5),
(737, 'pinebenj', NULL, 6, 44, 'Looks', 3),
(738, 'pinebenj', NULL, 6, 44, 'Realism', 3.5),
(739, 'pinebenj', NULL, 6, 44, 'Fun', 3),
(740, 'pinebenj', NULL, 6, 44, 'Usability', 3),
(741, 'pinebenj', NULL, 6, 44, 'Innovation', 3),
(742, 'pinebenj', NULL, 6, 46, 'Looks', 5),
(743, 'pinebenj', NULL, 6, 46, 'Realism', 4),
(744, 'pinebenj', NULL, 6, 46, 'Fun', 4.5),
(745, 'pinebenj', NULL, 6, 46, 'Usability', 3),
(746, 'pinebenj', NULL, 6, 46, 'Innovation', 4.5),
(747, 'pinebenj', NULL, 6, 47, 'Looks', 4),
(748, 'pinebenj', NULL, 6, 47, 'Realism', 3.5),
(749, 'pinebenj', NULL, 6, 47, 'Fun', 4),
(750, 'pinebenj', NULL, 6, 47, 'Usability', 3),
(751, 'pinebenj', NULL, 6, 47, 'Innovation', 4),
(752, 'pinebenj', NULL, 6, 48, 'Looks', 5),
(753, 'pinebenj', NULL, 6, 48, 'Realism', 4),
(754, 'pinebenj', NULL, 6, 48, 'Fun', 5),
(755, 'pinebenj', NULL, 6, 48, 'Usability', 3.5),
(756, 'pinebenj', NULL, 6, 48, 'Innovation', 4.5),
(757, 'pinebenj', NULL, 6, 50, 'Looks', 3.5),
(758, 'pinebenj', NULL, 6, 50, 'Realism', 3),
(759, 'pinebenj', NULL, 6, 50, 'Fun', 3),
(760, 'pinebenj', NULL, 6, 50, 'Usability', 2.5),
(761, 'pinebenj', NULL, 6, 50, 'Innovation', 3),
(762, 'HenMeister', NULL, 6, 50, 'Looks', 2.5),
(763, 'HenMeister', NULL, 6, 50, 'Realism', 2),
(764, 'HenMeister', NULL, 6, 50, 'Fun', 2.5),
(765, 'HenMeister', NULL, 6, 50, 'Usability', 2),
(766, 'HenMeister', NULL, 6, 50, 'Innovation', 4),
(773, 'Sockso', NULL, 6, 42, 'Looks', 5),
(774, 'Sockso', NULL, 6, 42, 'Realism', 4.5),
(775, 'Sockso', NULL, 6, 42, 'Fun', 4.5),
(779, 'Sockso', NULL, 6, 42, 'Usability', 5),
(778, 'Sockso', NULL, 6, 42, 'Innovation', 5),
(780, 'Sockso', NULL, 6, 41, 'Innovation', 4),
(781, 'Sockso', NULL, 6, 41, 'Usability', 3),
(786, 'Sockso', NULL, 6, 41, 'Realism', 5),
(783, 'Sockso', NULL, 6, 41, 'Fun', 4.5),
(784, 'Sockso', NULL, 6, 41, 'Looks', 3.5),
(787, 'Sockso', NULL, 6, 30, 'Looks', 3.5),
(788, 'Sockso', NULL, 6, 30, 'Realism', 4),
(789, 'Sockso', NULL, 6, 30, 'Fun', 4),
(790, 'Sockso', NULL, 6, 30, 'Usability', 5),
(791, 'Sockso', NULL, 6, 30, 'Innovation', 4),
(792, 'Sockso', NULL, 6, 29, 'Looks', 2),
(793, 'Sockso', NULL, 6, 29, 'Realism', 2),
(794, 'Sockso', NULL, 6, 29, 'Fun', 2.5),
(795, 'Sockso', NULL, 6, 29, 'Usability', 2),
(796, 'Sockso', NULL, 6, 29, 'Innovation', 0.5),
(797, 'Sockso', NULL, 6, 31, 'Looks', 3),
(798, 'Sockso', NULL, 6, 31, 'Realism', 3),
(799, 'Sockso', NULL, 6, 31, 'Fun', 4),
(802, 'Sockso', NULL, 6, 31, 'Usability', 4.5),
(801, 'Sockso', NULL, 6, 31, 'Innovation', 4),
(803, 'Sockso', NULL, 6, 33, 'Looks', 5),
(804, 'Sockso', NULL, 6, 33, 'Realism', 5),
(805, 'Sockso', NULL, 6, 33, 'Fun', 5),
(806, 'Sockso', NULL, 6, 33, 'Usability', 4),
(807, 'Sockso', NULL, 6, 33, 'Innovation', 5),
(808, 'Sockso', NULL, 6, 36, 'Looks', 5),
(810, 'Sockso', NULL, 6, 36, 'Realism', 5),
(811, 'Sockso', NULL, 6, 36, 'Fun', 5),
(812, 'Sockso', NULL, 6, 36, 'Usability', 4),
(813, 'Sockso', NULL, 6, 36, 'Innovation', 5),
(814, 'Sockso', NULL, 6, 37, 'Looks', 3),
(815, 'Sockso', NULL, 6, 37, 'Realism', 4),
(816, 'Sockso', NULL, 6, 37, 'Fun', 1.5),
(817, 'Sockso', NULL, 6, 37, 'Usability', 2.5),
(818, 'Sockso', NULL, 6, 37, 'Innovation', 1.5),
(819, 'Sockso', NULL, 6, 38, 'Looks', 5),
(820, 'Sockso', NULL, 6, 38, 'Realism', 5),
(821, 'Sockso', NULL, 6, 38, 'Fun', 3),
(822, 'Sockso', NULL, 6, 38, 'Usability', 3),
(823, 'Sockso', NULL, 6, 38, 'Innovation', 2),
(824, 'Sockso', NULL, 6, 40, 'Looks', 4.5),
(825, 'Sockso', NULL, 6, 40, 'Realism', 3.5),
(826, 'Sockso', NULL, 6, 40, 'Fun', 4.5),
(827, 'Sockso', NULL, 6, 40, 'Usability', 4),
(828, 'Sockso', NULL, 6, 40, 'Innovation', 5),
(829, 'Sockso', NULL, 6, 43, 'Looks', 4),
(830, 'Sockso', NULL, 6, 43, 'Realism', 4),
(831, 'Sockso', NULL, 6, 43, 'Fun', 4),
(832, 'Sockso', NULL, 6, 43, 'Usability', 4),
(833, 'Sockso', NULL, 6, 43, 'Innovation', 3.5),
(834, 'Sockso', NULL, 6, 44, 'Looks', 3),
(835, 'Sockso', NULL, 6, 44, 'Realism', 3),
(836, 'Sockso', NULL, 6, 44, 'Fun', 3),
(837, 'Sockso', NULL, 6, 44, 'Usability', 3),
(838, 'Sockso', NULL, 6, 44, 'Innovation', 3),
(839, 'Sockso', NULL, 6, 45, 'Looks', 3),
(840, 'Sockso', NULL, 6, 45, 'Realism', 2),
(841, 'Sockso', NULL, 6, 45, 'Fun', 2),
(842, 'Sockso', NULL, 6, 45, 'Usability', 3),
(843, 'Sockso', NULL, 6, 45, 'Innovation', 3),
(845, 'Sockso', NULL, 6, 46, 'Looks', 5),
(846, 'Sockso', NULL, 6, 46, 'Realism', 5),
(847, 'Sockso', NULL, 6, 46, 'Fun', 5),
(848, 'Sockso', NULL, 6, 46, 'Usability', 4),
(850, 'Sockso', NULL, 6, 46, 'Innovation', 5),
(851, 'Sockso', NULL, 6, 49, 'Looks', 5),
(853, 'Sockso', NULL, 6, 49, 'Realism', 5),
(854, 'Sockso', NULL, 6, 49, 'Fun', 5),
(855, 'Sockso', NULL, 6, 49, 'Usability', 5),
(856, 'Sockso', NULL, 6, 49, 'Innovation', 5),
(862, 'Sockso', NULL, 6, 50, 'Looks', 4),
(858, 'Sockso', NULL, 6, 50, 'Realism', 3),
(859, 'Sockso', NULL, 6, 50, 'Fun', 3),
(860, 'Sockso', NULL, 6, 50, 'Usability', 3),
(861, 'Sockso', NULL, 6, 50, 'Innovation', 4),
(863, 'Sockso', NULL, 6, 47, 'Looks', 5),
(864, 'Sockso', NULL, 6, 47, 'Realism', 5),
(865, 'Sockso', NULL, 6, 47, 'Fun', 5),
(866, 'Sockso', NULL, 6, 47, 'Usability', 3),
(867, 'Sockso', NULL, 6, 47, 'Innovation', 5),
(868, 'Toktorill', NULL, 6, 49, 'Looks', 5),
(869, 'Toktorill', NULL, 6, 49, 'Realism', 4),
(870, 'Toktorill', NULL, 6, 49, 'Fun', 5),
(871, 'Toktorill', NULL, 6, 49, 'Usability', 5),
(872, 'Toktorill', NULL, 6, 49, 'Innovation', 4),
(873, 'Toktorill', NULL, 6, 29, 'Looks', 4),
(874, 'Toktorill', NULL, 6, 29, 'Realism', 3),
(875, 'Toktorill', NULL, 6, 29, 'Fun', 4),
(876, 'Toktorill', NULL, 6, 29, 'Usability', 3),
(877, 'Toktorill', NULL, 6, 29, 'Innovation', 3),
(878, 'Toktorill', NULL, 6, 30, 'Looks', 2),
(879, 'Toktorill', NULL, 6, 30, 'Realism', 4),
(880, 'Toktorill', NULL, 6, 30, 'Fun', 2),
(881, 'Toktorill', NULL, 6, 30, 'Usability', 2),
(882, 'Toktorill', NULL, 6, 30, 'Innovation', 3),
(883, 'Toktorill', NULL, 6, 31, 'Looks', 4),
(884, 'Toktorill', NULL, 6, 31, 'Realism', 3),
(885, 'Toktorill', NULL, 6, 31, 'Fun', 4),
(886, 'Toktorill', NULL, 6, 31, 'Usability', 3),
(887, 'Toktorill', NULL, 6, 31, 'Innovation', 4),
(888, 'Toktorill', NULL, 6, 42, 'Looks', 3),
(889, 'Toktorill', NULL, 6, 42, 'Realism', 3.5),
(891, 'Toktorill', NULL, 6, 42, 'Fun', 4),
(892, 'Toktorill', NULL, 6, 42, 'Usability', 2.5),
(893, 'Toktorill', NULL, 6, 42, 'Innovation', 4),
(894, 'Toktorill', NULL, 6, 33, 'Looks', 4),
(895, 'Toktorill', NULL, 6, 33, 'Realism', 4),
(896, 'Toktorill', NULL, 6, 33, 'Fun', 3),
(897, 'Toktorill', NULL, 6, 33, 'Usability', 3),
(898, 'Toktorill', NULL, 6, 33, 'Innovation', 3),
(899, 'Toktorill', NULL, 6, 36, 'Looks', 3),
(900, 'Toktorill', NULL, 6, 36, 'Realism', 3),
(901, 'Toktorill', NULL, 6, 36, 'Fun', 3),
(902, 'Toktorill', NULL, 6, 36, 'Usability', 4),
(903, 'Toktorill', NULL, 6, 36, 'Innovation', 4),
(904, 'Toktorill', NULL, 6, 37, 'Looks', 2),
(905, 'Toktorill', NULL, 6, 37, 'Realism', 3),
(906, 'Toktorill', NULL, 6, 37, 'Fun', 1.5),
(907, 'Toktorill', NULL, 6, 37, 'Usability', 3),
(908, 'Toktorill', NULL, 6, 37, 'Innovation', 3),
(909, 'Toktorill', NULL, 6, 38, 'Looks', 5),
(910, 'Toktorill', NULL, 6, 38, 'Realism', 3.5),
(911, 'Toktorill', NULL, 6, 38, 'Fun', 2),
(912, 'Toktorill', NULL, 6, 38, 'Usability', 2),
(913, 'Toktorill', NULL, 6, 38, 'Innovation', 2),
(914, 'Toktorill', NULL, 6, 40, 'Looks', 5),
(915, 'Toktorill', NULL, 6, 40, 'Realism', 4),
(916, 'Toktorill', NULL, 6, 40, 'Fun', 4),
(917, 'Toktorill', NULL, 6, 40, 'Usability', 4),
(918, 'Toktorill', NULL, 6, 40, 'Innovation', 5),
(919, 'Toktorill', NULL, 6, 41, 'Looks', 3),
(920, 'Toktorill', NULL, 6, 41, 'Realism', 4),
(921, 'Toktorill', NULL, 6, 41, 'Fun', 3),
(922, 'Toktorill', NULL, 6, 41, 'Usability', 4),
(923, 'Toktorill', NULL, 6, 41, 'Innovation', 4),
(924, 'Toktorill', NULL, 6, 43, 'Looks', 5),
(925, 'Toktorill', NULL, 6, 43, 'Realism', 4),
(926, 'Toktorill', NULL, 6, 43, 'Fun', 4),
(927, 'Toktorill', NULL, 6, 43, 'Usability', 4),
(928, 'Toktorill', NULL, 6, 43, 'Innovation', 5),
(929, 'Toktorill', NULL, 6, 44, 'Looks', 4),
(930, 'Toktorill', NULL, 6, 44, 'Realism', 3.5),
(932, 'Toktorill', NULL, 6, 44, 'Fun', 3),
(933, 'Toktorill', NULL, 6, 44, 'Usability', 3),
(935, 'Toktorill', NULL, 6, 44, 'Innovation', 2),
(936, 'Toktorill', NULL, 6, 45, 'Looks', 4),
(937, 'Toktorill', NULL, 6, 45, 'Realism', 4),
(938, 'Toktorill', NULL, 6, 45, 'Fun', 4),
(939, 'Toktorill', NULL, 6, 45, 'Usability', 3),
(940, 'Toktorill', NULL, 6, 45, 'Innovation', 4),
(941, 'Toktorill', NULL, 6, 46, 'Looks', 4),
(942, 'Toktorill', NULL, 6, 46, 'Realism', 4.5),
(943, 'Toktorill', NULL, 6, 46, 'Fun', 3.5),
(944, 'Toktorill', NULL, 6, 46, 'Usability', 2),
(945, 'Toktorill', NULL, 6, 46, 'Innovation', 4),
(946, 'Toktorill', NULL, 6, 47, 'Looks', 2.5),
(947, 'Toktorill', NULL, 6, 47, 'Realism', 3),
(948, 'Toktorill', NULL, 6, 47, 'Fun', 3),
(949, 'Toktorill', NULL, 6, 47, 'Usability', 5),
(950, 'Toktorill', NULL, 6, 47, 'Innovation', 3),
(951, 'Toktorill', NULL, 6, 48, 'Looks', 5),
(952, 'Toktorill', NULL, 6, 48, 'Realism', 4),
(953, 'Toktorill', NULL, 6, 48, 'Fun', 4),
(954, 'Toktorill', NULL, 6, 48, 'Usability', 5),
(955, 'Toktorill', NULL, 6, 48, 'Innovation', 5),
(956, 'Toktorill', NULL, 6, 50, 'Looks', 4),
(957, 'Toktorill', NULL, 6, 50, 'Realism', 3),
(958, 'Toktorill', NULL, 6, 50, 'Fun', 3),
(959, 'Toktorill', NULL, 6, 50, 'Usability', 3),
(960, 'Toktorill', NULL, 6, 50, 'Innovation', 4),
(961, 'Hiosa', NULL, 6, 30, 'Realism', 3.5),
(962, 'Hiosa', NULL, 6, 30, 'Looks', 4),
(963, 'Hiosa', NULL, 6, 30, 'Fun', 5),
(964, 'Hiosa', NULL, 6, 30, 'Usability', 2.5),
(965, 'Hiosa', NULL, 6, 30, 'Innovation', 3),
(966, 'Hiosa', NULL, 6, 31, 'Looks', 5),
(967, 'Hiosa', NULL, 6, 31, 'Realism', 3.5),
(968, 'Hiosa', NULL, 6, 31, 'Fun', 5),
(969, 'Hiosa', NULL, 6, 31, 'Usability', 4),
(970, 'Hiosa', NULL, 6, 31, 'Innovation', 3),
(971, 'Hiosa', NULL, 6, 42, 'Looks', 2.5),
(972, 'Hiosa', NULL, 6, 42, 'Realism', 5),
(973, 'Hiosa', NULL, 6, 42, 'Fun', 2.5),
(974, 'Hiosa', NULL, 6, 42, 'Usability', 3.5),
(975, 'Hiosa', NULL, 6, 42, 'Innovation', 4),
(976, 'Hiosa', NULL, 6, 33, 'Looks', 5),
(977, 'Hiosa', NULL, 6, 33, 'Realism', 3),
(978, 'Hiosa', NULL, 6, 33, 'Fun', 4),
(979, 'Hiosa', NULL, 6, 33, 'Usability', 4),
(980, 'Hiosa', NULL, 6, 33, 'Innovation', 5),
(981, 'Hiosa', NULL, 6, 36, 'Looks', 2),
(982, 'Hiosa', NULL, 6, 36, 'Realism', 2.5),
(983, 'Hiosa', NULL, 6, 36, 'Fun', 4.5),
(984, 'Hiosa', NULL, 6, 36, 'Usability', 3),
(985, 'Hiosa', NULL, 6, 36, 'Innovation', 5),
(986, 'Hiosa', NULL, 6, 38, 'Looks', 5),
(987, 'Hiosa', NULL, 6, 38, 'Realism', 5),
(988, 'Hiosa', NULL, 6, 38, 'Fun', 4.5),
(989, 'Hiosa', NULL, 6, 38, 'Usability', 4.5),
(990, 'Hiosa', NULL, 6, 38, 'Innovation', 5),
(991, 'Hiosa', NULL, 6, 40, 'Looks', 5),
(992, 'Hiosa', NULL, 6, 40, 'Fun', 5),
(993, 'Hiosa', NULL, 6, 40, 'Usability', 2),
(994, 'Hiosa', NULL, 6, 40, 'Innovation', 5),
(995, 'Hiosa', NULL, 6, 40, 'Realism', 3),
(996, 'Hiosa', NULL, 6, 41, 'Looks', 2.5),
(997, 'Hiosa', NULL, 6, 41, 'Realism', 2.5),
(998, 'Hiosa', NULL, 6, 41, 'Fun', 4),
(999, 'Hiosa', NULL, 6, 41, 'Usability', 2),
(1000, 'Hiosa', NULL, 6, 41, 'Innovation', 3.5),
(1001, 'Hiosa', NULL, 6, 43, 'Looks', 5),
(1002, 'Hiosa', NULL, 6, 43, 'Realism', 4.5),
(1003, 'Hiosa', NULL, 6, 43, 'Fun', 4.5),
(1004, 'Hiosa', NULL, 6, 43, 'Usability', 4.5),
(1005, 'Hiosa', NULL, 6, 43, 'Innovation', 4.5),
(1006, 'Hiosa', NULL, 6, 44, 'Looks', 4.5),
(1007, 'Hiosa', NULL, 6, 44, 'Realism', 5),
(1008, 'Hiosa', NULL, 6, 44, 'Fun', 2.5),
(1009, 'Hiosa', NULL, 6, 44, 'Usability', 2.5),
(1010, 'Hiosa', NULL, 6, 44, 'Innovation', 3),
(1011, 'Hiosa', NULL, 6, 46, 'Looks', 5),
(1012, 'Hiosa', NULL, 6, 46, 'Realism', 4.5),
(1013, 'Hiosa', NULL, 6, 46, 'Usability', 3),
(1014, 'Hiosa', NULL, 6, 46, 'Fun', 5),
(1015, 'Hiosa', NULL, 6, 46, 'Innovation', 5),
(1016, 'Hiosa', NULL, 6, 47, 'Looks', 4.5),
(1017, 'Hiosa', NULL, 6, 47, 'Realism', 3.5),
(1018, 'Hiosa', NULL, 6, 47, 'Fun', 4.5),
(1019, 'Hiosa', NULL, 6, 47, 'Usability', 2),
(1020, 'Hiosa', NULL, 6, 47, 'Innovation', 4),
(1021, 'Hiosa', NULL, 6, 48, 'Looks', 5),
(1022, 'Hiosa', NULL, 6, 48, 'Realism', 3),
(1023, 'Hiosa', NULL, 6, 48, 'Usability', 4.5),
(1024, 'Hiosa', NULL, 6, 48, 'Fun', 4),
(1025, 'Hiosa', NULL, 6, 48, 'Innovation', 4.5),
(1026, 'Hiosa', NULL, 6, 49, 'Looks', 5),
(1027, 'Hiosa', NULL, 6, 49, 'Usability', 5),
(1028, 'Hiosa', NULL, 6, 49, 'Realism', 4),
(1029, 'Hiosa', NULL, 6, 49, 'Fun', 5),
(1030, 'Hiosa', NULL, 6, 49, 'Innovation', 5),
(1031, 'Hiosa', NULL, 6, 50, 'Looks', 4.5),
(1032, 'Hiosa', NULL, 6, 50, 'Realism', 2.5),
(1033, 'Hiosa', NULL, 6, 50, 'Fun', 2.5),
(1034, 'Hiosa', NULL, 6, 50, 'Usability', 3),
(1035, 'Hiosa', NULL, 6, 50, 'Innovation', 4),
(1036, 'Hiosa', NULL, 6, 37, 'Looks', 4),
(1037, 'Hiosa', NULL, 6, 37, 'Realism', 5),
(1038, 'Hiosa', NULL, 6, 37, 'Fun', 2),
(1039, 'Hiosa', NULL, 6, 37, 'Usability', 3.5),
(1040, 'Hiosa', NULL, 6, 37, 'Innovation', 3),
(1042, 'uncovery', NULL, 6, 29, 'Looks', 2),
(1043, 'uncovery', NULL, 6, 29, 'Realism', 1),
(1047, 'uncovery', NULL, 6, 29, 'Fun', 4),
(1045, 'uncovery', NULL, 6, 29, 'Usability', 1),
(1046, 'uncovery', NULL, 6, 29, 'Innovation', 0.5),
(1048, 'uncovery', NULL, 6, 30, 'Looks', 4),
(1049, 'uncovery', NULL, 6, 30, 'Realism', 2),
(1050, 'uncovery', NULL, 6, 30, 'Fun', 3),
(1051, 'uncovery', NULL, 6, 30, 'Usability', 1),
(1053, 'uncovery', NULL, 6, 30, 'Innovation', 1),
(1054, 'uncovery', NULL, 6, 31, 'Looks', 3.5),
(1055, 'uncovery', NULL, 6, 31, 'Realism', 4),
(1056, 'uncovery', NULL, 6, 31, 'Fun', 4),
(1057, 'uncovery', NULL, 6, 31, 'Usability', 3),
(1058, 'uncovery', NULL, 6, 31, 'Innovation', 3),
(1060, 'uncovery', NULL, 6, 33, 'Looks', 5),
(1061, 'uncovery', NULL, 6, 33, 'Realism', 2.5),
(1062, 'uncovery', NULL, 6, 33, 'Fun', 3),
(1064, 'uncovery', NULL, 6, 33, 'Usability', 0.5),
(1065, 'uncovery', NULL, 6, 33, 'Innovation', 4),
(1066, 'uncovery', NULL, 6, 36, 'Looks', 5),
(1067, 'uncovery', NULL, 6, 36, 'Realism', 4),
(1068, 'uncovery', NULL, 6, 36, 'Fun', 4),
(1069, 'uncovery', NULL, 6, 36, 'Usability', 4),
(1070, 'uncovery', NULL, 6, 36, 'Innovation', 3.5),
(1071, 'uncovery', NULL, 6, 37, 'Looks', 2.5),
(1072, 'uncovery', NULL, 6, 37, 'Realism', 2),
(1074, 'uncovery', NULL, 6, 37, 'Fun', 1),
(1075, 'uncovery', NULL, 6, 37, 'Usability', 1),
(1076, 'uncovery', NULL, 6, 37, 'Innovation', 0.5),
(1077, 'uncovery', NULL, 6, 38, 'Looks', 4.5),
(1078, 'uncovery', NULL, 6, 38, 'Realism', 5),
(1079, 'uncovery', NULL, 6, 38, 'Fun', 3.5),
(1080, 'uncovery', NULL, 6, 38, 'Usability', 2.5),
(1081, 'uncovery', NULL, 6, 38, 'Innovation', 3.5),
(1082, 'uncovery', NULL, 6, 40, 'Looks', 4.5),
(1083, 'uncovery', NULL, 6, 40, 'Realism', 3),
(1084, 'uncovery', NULL, 6, 40, 'Fun', 3.5),
(1085, 'uncovery', NULL, 6, 40, 'Usability', 2),
(1086, 'uncovery', NULL, 6, 40, 'Innovation', 4),
(1087, 'uncovery', NULL, 6, 41, 'Looks', 3),
(1088, 'uncovery', NULL, 6, 41, 'Realism', 2.5),
(1089, 'uncovery', NULL, 6, 41, 'Fun', 5),
(1090, 'uncovery', NULL, 6, 41, 'Usability', 2),
(1091, 'uncovery', NULL, 6, 41, 'Innovation', 1),
(1093, 'uncovery', NULL, 6, 43, 'Looks', 4),
(1094, 'uncovery', NULL, 6, 43, 'Realism', 2.5),
(1095, 'uncovery', NULL, 6, 43, 'Fun', 4),
(1096, 'uncovery', NULL, 6, 43, 'Usability', 2),
(1097, 'uncovery', NULL, 6, 43, 'Innovation', 4),
(1098, 'uncovery', NULL, 6, 42, 'Looks', 4.5),
(1099, 'uncovery', NULL, 6, 42, 'Realism', 4.5),
(1100, 'uncovery', NULL, 6, 42, 'Fun', 4),
(1101, 'uncovery', NULL, 6, 42, 'Usability', 3.5),
(1102, 'uncovery', NULL, 6, 42, 'Innovation', 3.5),
(1103, 'uncovery', NULL, 6, 44, 'Usability', 1),
(1104, 'uncovery', NULL, 6, 44, 'Looks', 3),
(1105, 'uncovery', NULL, 6, 44, 'Realism', 2),
(1106, 'uncovery', NULL, 6, 44, 'Fun', 2),
(1107, 'uncovery', NULL, 6, 44, 'Innovation', 1.5),
(1108, 'uncovery', NULL, 6, 45, 'Looks', 2.5),
(1109, 'uncovery', NULL, 6, 45, 'Realism', 3.5),
(1110, 'uncovery', NULL, 6, 45, 'Fun', 3),
(1111, 'uncovery', NULL, 6, 45, 'Usability', 3),
(1112, 'uncovery', NULL, 6, 45, 'Innovation', 2),
(1113, 'uncovery', NULL, 6, 46, 'Looks', 5),
(1114, 'uncovery', NULL, 6, 46, 'Realism', 3),
(1115, 'uncovery', NULL, 6, 46, 'Fun', 3.5),
(1116, 'uncovery', NULL, 6, 46, 'Usability', 1),
(1118, 'uncovery', NULL, 6, 46, 'Innovation', 4),
(1119, 'uncovery', NULL, 6, 47, 'Looks', 3.5),
(1120, 'uncovery', NULL, 6, 47, 'Fun', 4),
(1121, 'uncovery', NULL, 6, 47, 'Realism', 2.5),
(1122, 'uncovery', NULL, 6, 47, 'Usability', 3),
(1123, 'uncovery', NULL, 6, 47, 'Innovation', 3),
(1124, 'uncovery', NULL, 6, 48, 'Looks', 5),
(1125, 'uncovery', NULL, 6, 48, 'Usability', 5),
(1126, 'uncovery', NULL, 6, 48, 'Realism', 5),
(1127, 'uncovery', NULL, 6, 48, 'Fun', 5),
(1128, 'uncovery', NULL, 6, 48, 'Innovation', 4),
(1129, 'uncovery', NULL, 6, 49, 'Looks', 4),
(1130, 'uncovery', NULL, 6, 49, 'Realism', 5),
(1131, 'uncovery', NULL, 6, 49, 'Fun', 3.5),
(1133, 'uncovery', NULL, 6, 49, 'Usability', 3),
(1134, 'uncovery', NULL, 6, 49, 'Innovation', 2),
(1135, 'uncovery', NULL, 6, 50, 'Fun', 4),
(1136, 'uncovery', NULL, 6, 50, 'Realism', 1.5),
(1137, 'uncovery', NULL, 6, 50, 'Looks', 4),
(1138, 'uncovery', NULL, 6, 50, 'Usability', 2),
(1139, 'uncovery', NULL, 6, 50, 'Innovation', 2.5),
(1140, 'azkedar', NULL, 7, 53, 'Looks', 3),
(1141, 'azkedar', NULL, 7, 53, 'Realism', 3),
(1142, 'azkedar', NULL, 7, 53, 'Fun', 3.5),
(1143, 'azkedar', NULL, 7, 53, 'Usability', 3.5),
(1144, 'azkedar', NULL, 7, 53, 'Innovation', 2.5),
(1145, 'azkedar', NULL, 7, 54, 'Looks', 3.5),
(1146, 'azkedar', NULL, 7, 54, 'Realism', 3.5),
(1147, 'azkedar', NULL, 7, 54, 'Fun', 3),
(1148, 'azkedar', NULL, 7, 54, 'Usability', 3.5),
(1149, 'azkedar', NULL, 7, 54, 'Innovation', 3.5),
(1150, 'azkedar', NULL, 7, 55, 'Looks', 4),
(1151, 'azkedar', NULL, 7, 55, 'Realism', 3.5),
(1152, 'azkedar', NULL, 7, 55, 'Fun', 4),
(1153, 'azkedar', NULL, 7, 55, 'Usability', 3),
(1154, 'azkedar', NULL, 7, 55, 'Innovation', 4),
(1155, 'azkedar', NULL, 7, 56, 'Looks', 3),
(1156, 'azkedar', NULL, 7, 56, 'Realism', 3.5),
(1157, 'azkedar', NULL, 7, 56, 'Fun', 3.5),
(1158, 'azkedar', NULL, 7, 56, 'Usability', 2.5),
(1159, 'azkedar', NULL, 7, 56, 'Innovation', 3),
(1160, 'azkedar', NULL, 7, 57, 'Looks', 3.5),
(1161, 'azkedar', NULL, 7, 57, 'Realism', 4.5),
(1162, 'azkedar', NULL, 7, 57, 'Fun', 3.5),
(1163, 'azkedar', NULL, 7, 57, 'Usability', 3.5),
(1164, 'azkedar', NULL, 7, 57, 'Innovation', 4),
(1165, 'azkedar', NULL, 7, 62, 'Looks', 4.5),
(1166, 'azkedar', NULL, 7, 62, 'Realism', 4.5),
(1167, 'azkedar', NULL, 7, 62, 'Fun', 4.5),
(1168, 'azkedar', NULL, 7, 62, 'Usability', 4),
(1169, 'azkedar', NULL, 7, 62, 'Innovation', 4.5),
(1170, 'Toktorill', NULL, 7, 53, 'Looks', 4),
(1171, 'Toktorill', NULL, 7, 53, 'Realism', 3),
(1172, 'Toktorill', NULL, 7, 53, 'Fun', 3),
(1173, 'Toktorill', NULL, 7, 53, 'Usability', 3),
(1174, 'Toktorill', NULL, 7, 53, 'Innovation', 3),
(1181, 'Hiosa', NULL, 7, 53, 'Looks', 4.5),
(1176, 'Hiosa', NULL, 7, 53, 'Realism', 4.5),
(1177, 'Hiosa', NULL, 7, 53, 'Fun', 4),
(1180, 'Hiosa', NULL, 7, 53, 'Innovation', 4.5),
(1179, 'Hiosa', NULL, 7, 53, 'Usability', 4.5),
(1182, 'Daiyamondo', NULL, 7, 53, 'Looks', 3.5),
(1183, 'Daiyamondo', NULL, 7, 53, 'Realism', 3),
(1184, 'Daiyamondo', NULL, 7, 53, 'Fun', 3.5),
(1187, 'Daiyamondo', NULL, 7, 53, 'Usability', 3.5),
(1186, 'Daiyamondo', NULL, 7, 53, 'Innovation', 3),
(1188, 'Daiyamondo', NULL, 7, 54, 'Looks', 3),
(1189, 'Daiyamondo', NULL, 7, 54, 'Realism', 2.5),
(1191, 'Daiyamondo', NULL, 7, 54, 'Fun', 2.5),
(1192, 'Daiyamondo', NULL, 7, 54, 'Usability', 3),
(1193, 'Daiyamondo', NULL, 7, 54, 'Innovation', 2),
(1194, 'Daiyamondo', NULL, 7, 55, 'Looks', 2.5),
(1251, 'Daiyamondo', NULL, 7, 55, 'Realism', 1),
(1196, 'Daiyamondo', NULL, 7, 55, 'Fun', 3),
(1197, 'Daiyamondo', NULL, 7, 55, 'Usability', 2),
(1198, 'Daiyamondo', NULL, 7, 55, 'Innovation', 1.5),
(1199, 'Daiyamondo', NULL, 7, 56, 'Looks', 2),
(1200, 'Daiyamondo', NULL, 7, 56, 'Realism', 1.5),
(1201, 'Daiyamondo', NULL, 7, 56, 'Fun', 2.5),
(1202, 'Daiyamondo', NULL, 7, 56, 'Usability', 2.5),
(1203, 'Daiyamondo', NULL, 7, 56, 'Innovation', 2),
(1204, 'pinebenj', NULL, 7, 56, 'Looks', 4),
(1205, 'pinebenj', NULL, 7, 56, 'Realism', 4),
(1206, 'pinebenj', NULL, 7, 56, 'Fun', 4.5),
(1207, 'pinebenj', NULL, 7, 56, 'Usability', 4),
(1208, 'pinebenj', NULL, 7, 56, 'Innovation', 4),
(1209, 'Hiosa', NULL, 7, 54, 'Looks', 2.5),
(1210, 'Hiosa', NULL, 7, 54, 'Realism', 4),
(1211, 'Hiosa', NULL, 7, 54, 'Fun', 2),
(1212, 'Hiosa', NULL, 7, 54, 'Usability', 4.5),
(1213, 'Hiosa', NULL, 7, 54, 'Innovation', 1.5),
(1214, 'Hiosa', NULL, 7, 55, 'Looks', 2.5),
(1215, 'Hiosa', NULL, 7, 55, 'Realism', 3.5),
(1216, 'Hiosa', NULL, 7, 55, 'Fun', 4),
(1217, 'Hiosa', NULL, 7, 55, 'Usability', 2),
(1218, 'Hiosa', NULL, 7, 55, 'Innovation', 2),
(1219, 'Hiosa', NULL, 7, 56, 'Looks', 3),
(1220, 'Hiosa', NULL, 7, 56, 'Realism', 3),
(1221, 'Hiosa', NULL, 7, 56, 'Fun', 3),
(1222, 'Hiosa', NULL, 7, 56, 'Usability', 3),
(1223, 'Hiosa', NULL, 7, 56, 'Innovation', 3),
(1227, 'Hiosa', NULL, 7, 62, 'Looks', 4.5),
(1225, 'Hiosa', NULL, 7, 62, 'Innovation', 4.5),
(1226, 'Hiosa', NULL, 7, 62, 'Usability', 3.5),
(1228, 'Hiosa', NULL, 7, 62, 'Realism', 3.5),
(1229, 'Hiosa', NULL, 7, 62, 'Fun', 4.5),
(1252, 'Daiyamondo', NULL, 7, 57, 'Realism', 1.5),
(1231, 'Daiyamondo', NULL, 7, 57, 'Looks', 2.5),
(1232, 'Daiyamondo', NULL, 7, 57, 'Fun', 3),
(1233, 'Daiyamondo', NULL, 7, 57, 'Usability', 3),
(1234, 'Daiyamondo', NULL, 7, 57, 'Innovation', 2.5),
(1235, 'Daiyamondo', NULL, 7, 61, 'Looks', 4);
INSERT INTO `contest_votes` (`id`, `user`, `rank`, `contest`, `entry`, `category`, `value`) VALUES
(1236, 'Daiyamondo', NULL, 7, 61, 'Realism', 4),
(1241, 'Daiyamondo', NULL, 7, 61, 'Fun', 3),
(1242, 'Daiyamondo', NULL, 7, 61, 'Usability', 3.5),
(1240, 'Daiyamondo', NULL, 7, 61, 'Innovation', 3.5),
(1243, 'Daiyamondo', NULL, 7, 62, 'Looks', 4),
(1244, 'Daiyamondo', NULL, 7, 62, 'Realism', 4),
(1246, 'Daiyamondo', NULL, 7, 62, 'Fun', 4.5),
(1247, 'Daiyamondo', NULL, 7, 62, 'Usability', 3),
(1250, 'Daiyamondo', NULL, 7, 62, 'Innovation', 3.5),
(1253, 'HenMeister', NULL, 7, 53, 'Looks', 4.5),
(1254, 'HenMeister', NULL, 7, 53, 'Realism', 3),
(1255, 'HenMeister', NULL, 7, 53, 'Fun', 4),
(1256, 'HenMeister', NULL, 7, 53, 'Usability', 3),
(1257, 'HenMeister', NULL, 7, 53, 'Innovation', 4),
(1258, 'HenMeister', NULL, 7, 54, 'Looks', 2.5),
(1259, 'HenMeister', NULL, 7, 54, 'Realism', 3.5),
(1260, 'HenMeister', NULL, 7, 54, 'Fun', 3),
(1261, 'HenMeister', NULL, 7, 54, 'Usability', 4),
(1262, 'HenMeister', NULL, 7, 54, 'Innovation', 2),
(1263, 'HenMeister', NULL, 7, 55, 'Looks', 3.5),
(1264, 'HenMeister', NULL, 7, 55, 'Realism', 4),
(1265, 'HenMeister', NULL, 7, 55, 'Fun', 3),
(1266, 'HenMeister', NULL, 7, 55, 'Usability', 4.5),
(1267, 'HenMeister', NULL, 7, 55, 'Innovation', 2),
(1268, 'HenMeister', NULL, 7, 56, 'Looks', 4),
(1269, 'HenMeister', NULL, 7, 56, 'Realism', 3),
(1270, 'HenMeister', NULL, 7, 56, 'Fun', 4),
(1271, 'HenMeister', NULL, 7, 56, 'Usability', 4),
(1272, 'HenMeister', NULL, 7, 56, 'Innovation', 3),
(1273, 'HenMeister', NULL, 7, 62, 'Looks', 5),
(1274, 'HenMeister', NULL, 7, 62, 'Realism', 4.5),
(1275, 'HenMeister', NULL, 7, 62, 'Fun', 5),
(1276, 'HenMeister', NULL, 7, 62, 'Usability', 4.5),
(1277, 'HenMeister', NULL, 7, 62, 'Innovation', 4.5),
(1323, 'uncovery', NULL, 7, 53, 'Looks', 2.5),
(1319, 'uncovery', NULL, 7, 53, 'Realism', 3),
(1320, 'uncovery', NULL, 7, 53, 'Fun', 2.5),
(1321, 'uncovery', NULL, 7, 53, 'Usability', 3),
(1322, 'uncovery', NULL, 7, 53, 'Innovation', 2.5),
(1283, 'uncovery', NULL, 7, 61, 'Looks', 4),
(1285, 'uncovery', NULL, 7, 61, 'Realism', 3.5),
(1324, 'uncovery', NULL, 7, 61, 'Fun', 3.5),
(1325, 'uncovery', NULL, 7, 61, 'Usability', 4),
(1296, 'uncovery', NULL, 7, 61, 'Innovation', 3),
(1289, 'uncovery', NULL, 7, 62, 'Looks', 5),
(1290, 'uncovery', NULL, 7, 62, 'Realism', 4),
(1291, 'uncovery', NULL, 7, 62, 'Fun', 4),
(1292, 'uncovery', NULL, 7, 62, 'Usability', 3),
(1294, 'uncovery', NULL, 7, 62, 'Innovation', 3),
(1297, 'uncovery', NULL, 7, 55, 'Looks', 2.5),
(1298, 'uncovery', NULL, 7, 55, 'Realism', 2.5),
(1299, 'uncovery', NULL, 7, 55, 'Fun', 3),
(1300, 'uncovery', NULL, 7, 55, 'Usability', 2),
(1301, 'uncovery', NULL, 7, 55, 'Innovation', 2),
(1302, 'uncovery', NULL, 7, 56, 'Looks', 2.5),
(1304, 'uncovery', NULL, 7, 56, 'Realism', 3),
(1305, 'uncovery', NULL, 7, 56, 'Fun', 3),
(1306, 'uncovery', NULL, 7, 56, 'Usability', 2.5),
(1307, 'uncovery', NULL, 7, 56, 'Innovation', 2),
(1308, 'uncovery', NULL, 7, 57, 'Looks', 3),
(1309, 'uncovery', NULL, 7, 57, 'Realism', 3.5),
(1310, 'uncovery', NULL, 7, 57, 'Fun', 3),
(1311, 'uncovery', NULL, 7, 57, 'Usability', 3),
(1312, 'uncovery', NULL, 7, 57, 'Innovation', 3),
(1313, 'uncovery', NULL, 7, 54, 'Looks', 2.5),
(1314, 'uncovery', NULL, 7, 54, 'Realism', 3),
(1315, 'uncovery', NULL, 7, 54, 'Fun', 2.5),
(1316, 'uncovery', NULL, 7, 54, 'Usability', 3.5),
(1317, 'uncovery', NULL, 7, 54, 'Innovation', 2),
(1326, 'HenMeister', NULL, 9, 60, 'Looks', 5),
(1327, 'HenMeister', NULL, 9, 60, 'Realism', 4.5),
(1328, 'HenMeister', NULL, 9, 60, 'Fun', 4.5),
(1329, 'HenMeister', NULL, 9, 60, 'Usability', 4),
(1330, 'HenMeister', NULL, 9, 60, 'Innovation', 5),
(1331, 'azkedar', NULL, 9, 60, 'Looks', 5),
(1332, 'azkedar', NULL, 9, 60, 'Realism', 5),
(1333, 'azkedar', NULL, 9, 60, 'Fun', 5),
(1334, 'azkedar', NULL, 9, 60, 'Usability', 4),
(1335, 'azkedar', NULL, 9, 60, 'Innovation', 5),
(1336, 'Daiyamondo', NULL, 9, 60, 'Looks', 4.5),
(1337, 'Daiyamondo', NULL, 9, 60, 'Realism', 4.5),
(1338, 'Daiyamondo', NULL, 9, 60, 'Fun', 5),
(1339, 'Daiyamondo', NULL, 9, 60, 'Usability', 3.5),
(1340, 'Daiyamondo', NULL, 9, 59, 'Looks', 4),
(1341, 'Daiyamondo', NULL, 9, 59, 'Realism', 3.5),
(1342, 'Daiyamondo', NULL, 9, 59, 'Fun', 4),
(1343, 'Daiyamondo', NULL, 9, 59, 'Usability', 3),
(1344, 'Daiyamondo', NULL, 9, 59, 'Innovation', 3),
(1346, 'plutoMaster', NULL, 9, 59, 'Looks', 2.5),
(1347, 'plutoMaster', NULL, 9, 59, 'Realism', 3.5),
(1348, 'plutoMaster', NULL, 9, 59, 'Fun', 3),
(1349, 'plutoMaster', NULL, 9, 59, 'Usability', 3),
(1350, 'plutoMaster', NULL, 9, 59, 'Innovation', 2),
(1351, 'plutoMaster', NULL, 9, 60, 'Looks', 5),
(1356, 'plutoMaster', NULL, 9, 60, 'Realism', 3.5),
(1354, 'plutoMaster', NULL, 9, 60, 'Fun', 5),
(1355, 'plutoMaster', NULL, 9, 60, 'Usability', 4.5),
(1357, 'plutoMaster', NULL, 9, 60, 'Innovation', 5),
(1358, 'Sockso', NULL, 9, 60, 'Looks', 5),
(1360, 'Sockso', NULL, 9, 60, 'Realism', 5),
(1361, 'Sockso', NULL, 9, 60, 'Fun', 5),
(1362, 'Sockso', NULL, 9, 60, 'Usability', 5),
(1364, 'Sockso', NULL, 9, 60, 'Innovation', 5),
(1365, 'Sockso', NULL, 9, 59, 'Looks', 4),
(1366, 'Sockso', NULL, 9, 59, 'Realism', 4),
(1367, 'Sockso', NULL, 9, 59, 'Fun', 4),
(1368, 'Sockso', NULL, 9, 59, 'Usability', 4),
(1369, 'Sockso', NULL, 9, 59, 'Innovation', 4);
